,first_name,second_name,goals_scored,assists,total_points,minutes,goals_conceded,creativity,influence,threat,bonus,bps,ict_index,clean_sheets,red_cards,yellow_cards,selected_by_percent,now_cost,element_type,position,initial_cost,team_name
0,Bernd,Leno,0,0,10,360,9,0.0,85.0,0.0,0,69,8.5,1,0,0,0.8,45,1,GK,50,ARS
1,Rúnar Alex,Rúnarsson,0,0,0,0,0,0.0,0.0,0.0,0,0,0.0,0,0,0,0.5,40,1,GK,40,ARS
2,Willian,Borges Da Silva,0,0,0,0,0,0.0,0.0,0.0,0,0,0.0,0,0,0,0.1,63,3,MID,65,ARS
3,Pierre-Emerick,Aubameyang,4,1,44,1036,16,132.4,217.6,582.0,7,131,92.9,6,0,3,1.2,96,4,FWD,100,ARS
4,Cédric,Soares,1,1,48,1481,27,306.5,246.0,76.0,3,292,63.0,3,0,3,0.4,42,2,DEF,45,ARS
5,Alexandre,Lacazette,4,8,90,1773,17,385.7,376.6,724.0,3,295,148.3,10,0,0,3.1,81,4,FWD,85,ARS
6,Granit,Xhaka,1,2,60,2327,38,489.6,382.2,253.0,3,334,112.6,6,1,10,0.4,48,3,MID,50,ARS
7,Pablo,Marí,0,0,1,180,4,12.3,55.4,11.0,0,35,7.9,0,0,1,0.1,42,2,DEF,45,ARS
8,Héctor,Bellerín,0,0,0,0,0,0.0,0.0,0.0,0,0,0.0,0,0,0,0.2,48,2,DEF,50,ARS
9,Sead,Kolasinac,0,0,0,91,5,0.2,4.2,0.0,0,6,0.4,0,0,1,0.1,42,2,DEF,45,ARS
10,Mohamed Naser,El Sayed Elneny,0,2,27,801,17,124.5,147.8,40.0,0,156,31.3,0,0,1,0.4,44,3,MID,45,ARS
11,Ainsley,Maitland-Niles,0,0,12,263,4,41.3,42.6,9.0,0,44,9.3,2,0,0,0.0,52,3,MID,55,ARS
12,Rob,Holding,1,0,29,840,16,6.9,242.4,49.0,2,152,29.9,2,1,2,0.8,41,2,DEF,45,ARS
13,Thomas,Partey,2,2,71,2027,25,275.5,359.6,394.0,4,345,103.0,10,0,6,0.2,50,3,MID,50,ARS
14,Kieran,Tierney,1,3,106,1916,21,335.9,365.2,198.0,11,454,90.1,11,0,0,4.7,49,2,DEF,50,ARS
15,Nicolas,Pépé,1,4,45,681,9,204.8,127.4,391.0,1,127,72.0,2,0,0,0.7,69,3,MID,75,ARS
16,Lucas,Torreira,0,0,0,0,0,0.0,0.0,0.0,0,0,0.0,0,0,0,0.1,45,3,MID,45,ARS
17,Edward,Nketiah,5,1,55,823,18,138.8,216.0,339.0,6,194,69.2,0,0,3,11.5,57,4,FWD,55,ARS
18,Emile,Smith Rowe,10,2,125,1909,28,453.3,555.8,576.0,9,435,158.4,8,0,1,10.0,57,3,MID,55,ARS
19,Bukayo,Saka,11,9,179,2978,39,942.5,774.2,1404.0,18,566,311.8,13,0,6,28.8,67,3,MID,65,ARS
20,Gabriel,Magalhães,5,0,146,3063,38,129.3,703.0,453.0,16,682,128.4,13,1,6,7.4,53,2,DEF,50,ARS
21,Konstantinos,Mavropanos,0,0,0,0,0,0.0,0.0,0.0,0,0,0.0,0,0,0,0.0,45,2,DEF,45,ARS
22,Mattéo,Guendouzi,0,0,0,0,0,0.0,0.0,0.0,0,0,0.0,0,0,0,0.0,45,3,MID,45,ARS
23,Gabriel Teodoro,Martinelli Silva,6,7,110,1855,25,445.8,407.8,692.0,6,345,154.7,7,1,1,3.1,53,3,MID,55,ARS
24,William,Saliba,0,0,0,0,0,0.0,0.0,0.0,0,0,0.0,0,0,0,0.0,45,2,DEF,45,ARS
25,Ben,White,0,0,107,2880,35,182.3,592.8,150.0,9,557,92.5,13,0,3,12.4,46,2,DEF,45,ARS
26,Nuno,Varela Tavares,1,1,49,1169,19,168.4,194.6,203.0,2,199,56.7,3,0,2,1.0,43,2,DEF,45,ARS
27,Albert,Sambi Lokonga,0,0,32,1129,11,250.7,181.8,87.0,0,173,51.9,7,0,5,0.1,48,3,MID,50,ARS
28,Folarin,Balogun,0,0,2,69,1,3.7,4.2,17.0,0,2,1.9,0,0,0,0.2,47,4,FWD,50,ARS
29,Reiss,Nelson,0,0,1,19,1,11.6,4.0,20.0,0,4,3.6,0,0,0,0.0,50,3,MID,50,ARS
30,Karl,Hein,0,0,0,0,0,0.0,0.0,0.0,0,0,0.0,0,0,0,0.3,40,1,GK,40,ARS
31,Martin,Ødegaard,7,4,131,2782,39,1012.4,625.6,572.0,9,541,220.3,11,0,4,6.0,56,3,MID,55,ARS
32,Aaron,Ramsdale,0,0,135,3060,39,1.0,680.0,0.0,14,641,68.0,12,0,1,17.1,51,1,GK,45,ARS
33,Arthur,Okonkwo,0,0,0,0,0,0.0,0.0,0.0,0,0,0.0,0,0,0,0.8,39,1,GK,40,ARS
34,Takehiro,Tomiyasu,0,1,75,1680,20,240.9,312.4,110.0,5,344,66.4,9,0,2,1.9,45,2,DEF,45,ARS
35,Charlie,Patino,0,0,0,0,0,0.0,0.0,0.0,0,0,0.0,0,0,0,0.0,45,3,MID,45,ARS
36,Omari,Hutchinson,0,0,0,0,0,0.0,0.0,0.0,0,0,0.0,0,0,0,0.0,45,3,MID,45,ARS
37,Salah-Eddine,Oulad M'hand,0,0,0,0,0,0.0,0.0,0.0,0,0,0.0,0,0,0,0.0,45,3,MID,45,ARS
38,Mika,Biereth,0,0,0,0,0,0.0,0.0,0.0,0,0,0.0,0,0,0,0.2,45,4,FWD,45,ARS
39,Ryan,Alebiosu,0,0,0,0,0,0.0,0.0,0.0,0,0,0.0,0,0,0,0.0,40,2,DEF,40,ARS
40,Zach,Awe,0,0,0,0,0,0.0,0.0,0.0,0,0,0.0,0,0,0,0.0,40,2,DEF,40,ARS
41,Zak,Swanson,0,0,0,0,0,0.0,0.0,0.0,0,0,0.0,0,0,0,0.0,40,2,DEF,40,ARS
42,Mazeed,Ogungbo,0,0,0,0,0,0.0,0.0,0.0,0,0,0.0,0,0,0,0.0,40,2,DEF,40,ARS
43,Marcelo,Flores,0,0,0,0,0,0.0,0.0,0.0,0,0,0.0,0,0,0,0.0,45,3,MID,45,ARS
44,Miguel,Azeez,0,0,0,0,0,0.0,0.0,0.0,0,0,0.0,0,0,0,0.0,45,3,MID,45,ARS
45,Alex,Kirk,0,0,0,0,0,0.0,0.0,0.0,0,0,0.0,0,0,0,0.0,40,2,DEF,40,ARS
46,Calum,Chambers,1,0,42,999,16,52.8,211.0,61.0,2,198,32.5,4,0,1,0.4,42,2,DEF,45,AVL
47,Jed,Steer,0,0,1,90,3,0.0,8.2,0.0,0,13,0.8,0,0,0,1.7,39,1,GK,40,AVL
48,Conor,Hourihane,0,0,0,0,0,0.0,0.0,0.0,0,0,0.0,0,0,0,0.0,49,3,MID,50,AVL
49,Emiliano,Martínez,0,0,129,3240,48,0.0,755.8,0.0,7,651,75.4,11,0,4,11.4,55,1,GK,55,AVL
50,Björn,Engels,0,0,0,0,0,0.0,0.0,0.0,0,0,0.0,0,0,0,0.0,45,2,DEF,45,AVL
51,Bertrand,Traoré,0,1,13,212,3,10.6,21.0,90.0,0,41,11.8,0,0,0,0.3,57,3,MID,60,AVL
52,Morgan,Sanson,0,0,13,349,8,36.6,52.8,3.0,0,61,9.4,0,0,0,0.0,50,3,MID,50,AVL
53,John,McGinn,3,4,110,3090,48,777.4,692.8,307.0,12,495,177.8,10,0,8,1.1,56,3,MID,60,AVL
54,Kortney,Hause,1,0,20,397,9,5.9,102.8,64.0,3,89,17.3,1,0,0,0.2,44,2,DEF,45,AVL
55,Mahmoud Ahmed,Ibrahim Hassan,0,0,1,10,1,2.0,1.8,10.0,0,4,1.4,0,0,0,0.0,54,3,MID,55,AVL
56,Tyrone,Mings,1,4,118,3188,49,130.9,649.2,309.0,12,596,108.8,11,0,11,6.9,50,2,DEF,50,AVL
57,Ollie,Watkins,11,3,131,2950,48,459.1,598.4,1319.0,17,441,237.7,10,0,7,9.1,75,4,FWD,75,AVL
58,Marvelous,Nakamba,0,0,22,899,20,42.1,134.0,0.0,0,124,17.8,2,0,5,0.1,44,3,MID,45,AVL
59,Emiliano,Buendía Stati,4,6,107,1887,32,659.3,479.4,531.0,8,378,167.3,7,0,1,1.3,61,3,MID,65,AVL
60,Matthew,Cash,4,3,147,3377,50,432.1,709.0,517.0,11,623,165.8,13,0,8,11.5,53,2,DEF,50,AVL
61,Ezri,Konsa Ngoyo,2,0,78,2477,43,56.5,428.2,251.0,4,388,73.4,8,2,4,0.9,49,2,DEF,50,AVL
62,Frédéric,Guilbert,0,0,0,0,0,0.0,0.0,0.0,0,0,0.0,0,0,0,0.0,45,2,DEF,45,AVL
63,Wesley,Moraes,0,0,1,1,0,0.5,0.0,0.0,0,2,0.0,0,0,0,0.1,54,4,FWD,55,AVL
64,Mbwana Ally,Samatta,0,0,0,0,0,0.0,0.0,0.0,0,0,0.0,0,0,0,0.0,55,4,FWD,55,AVL
65,Keinan,Davis,0,0,1,11,0,1.0,0.4,0.0,0,2,0.1,0,0,0,1.4,45,4,FWD,45,AVL
66,Douglas Luiz,Soares de Paulo,2,3,89,2715,38,547.5,495.2,199.0,3,468,124.3,10,0,7,1.9,43,3,MID,45,AVL
67,Jacob,Ramsey,6,1,109,2465,35,333.1,533.8,432.0,9,402,130.2,12,0,6,4.9,47,3,MID,45,AVL
68,Ashley,Young,0,2,50,1234,19,201.9,187.4,113.0,0,224,50.2,4,0,2,0.5,47,2,DEF,50,AVL
69,Lucas,Digne,0,4,83,2440,42,753.1,489.8,200.0,8,459,144.5,7,0,6,5.9,50,2,DEF,55,AVL
70,Danny,Ings,7,6,106,1891,26,210.9,448.6,749.0,12,344,140.3,10,0,4,9.3,77,4,FWD,80,AVL
71,Leon,Bailey,1,3,37,750,13,118.5,143.2,271.0,1,98,53.2,2,0,3,0.4,63,3,MID,65,AVL
72,Aaron,Ramsey,0,0,0,0,0,0.0,0.0,0.0,0,0,0.0,0,0,0,0.2,44,3,MID,45,AVL
73,Jaden,Philogene-Bidace,0,0,1,4,0,0.0,0.0,0.0,0,0,0.0,0,0,0,0.0,50,3,MID,50,AVL
74,Carney,Chukwuemeka,0,1,16,291,6,34.6,44.0,69.0,0,43,14.9,0,0,0,0.1,45,3,MID,45,AVL
75,Cameron,Archer,0,0,3,24,0,0.8,0.0,18.0,0,3,1.6,0,0,0,0.8,45,4,FWD,45,AVL
76,Viljami,Sinisalo,0,0,0,0,0,0.0,0.0,0.0,0,0,0.0,0,0,0,0.1,40,1,GK,40,AVL
77,Lamare,Bogarde,0,0,0,0,0,0.0,0.0,0.0,0,0,0.0,0,0,0,0.1,40,2,DEF,40,AVL
78,Tim,Iroegbunam,0,0,4,90,0,2.0,10.6,4.0,0,17,1.7,1,0,1,0.0,45,3,MID,45,AVL
79,Filip,Marschall,0,0,0,0,0,0.0,0.0,0.0,0,0,0.0,0,0,0,0.0,40,1,GK,40,AVL
80,Josh,Feeney,0,0,0,0,0,0.0,0.0,0.0,0,0,0.0,0,0,0,0.0,40,2,DEF,40,AVL
81,Philippe,Coutinho Correia,5,3,83,1327,17,338.3,324.2,419.0,7,283,108.3,7,0,0,10.6,71,3,MID,70,AVL
82,Kaine,Hayden,0,0,0,0,0,0.0,0.0,0.0,0,0,0.0,0,0,0,0.0,40,2,DEF,40,AVL
83,Robin,Olsen,0,0,1,90,3,0.0,0.0,0.0,0,14,0.0,0,0,0,0.0,40,1,GK,40,AVL
84,Benjamin,Chrisene,0,0,0,0,0,0.0,0.0,0.0,0,0,0.0,0,0,0,0.0,45,3,MID,45,AVL
85,Tommi,O'Reilly,0,0,0,0,0,0.0,0.0,0.0,0,0,0.0,0,0,0,0.0,45,3,MID,45,AVL
86,Pontus,Jansson,3,4,122,3321,56,67.1,766.4,476.0,13,616,131.4,8,0,7,7.0,45,2,DEF,45,BRE
87,Christian,Nørgaard,3,4,101,3054,51,409.8,694.8,434.0,5,502,154.3,8,0,8,0.6,50,3,MID,50,BRE
88,Ivan,Toney,12,5,139,2908,47,572.0,717.8,1284.0,19,502,257.4,8,0,8,18.8,69,4,FWD,65,BRE
89,Tariqe,Fosu-Henry,0,0,1,16,0,4.8,5.2,21.0,0,4,3.1,0,0,0,0.0,51,3,MID,55,BRE
90,David,Raya Martin,0,0,95,2160,27,10.0,575.6,0.0,5,496,58.3,8,0,1,4.6,44,1,GK,45,BRE
91,Sergi,Canós,3,3,81,2077,36,282.9,359.2,422.0,5,268,106.5,8,1,6,1.0,55,3,MID,55,BRE
92,Pelenda Joshua,Dasilva,0,0,7,250,6,40.9,28.6,30.0,0,27,9.8,0,1,0,0.0,53,3,MID,55,BRE
93,Rico,Henry,3,0,108,2775,41,324.4,444.8,233.0,4,453,100.1,9,0,2,1.2,45,2,DEF,45,BRE
94,Vitaly,Janelt,4,0,90,2295,37,330.0,440.2,399.0,8,343,116.7,9,0,3,0.2,49,3,MID,50,BRE
95,Saman,Ghoddos,1,2,30,524,4,96.3,128.4,133.0,0,115,36.0,1,0,2,0.0,52,3,MID,55,BRE
96,Mathias,Jensen,0,1,54,1590,30,508.0,242.8,181.0,2,246,93.3,3,0,0,0.0,49,3,MID,50,BRE
97,Charlie,Goode,0,0,10,448,6,82.7,54.8,24.0,0,64,16.0,1,0,3,1.1,39,2,DEF,40,BRE
98,Marcus,Forss,0,1,11,203,4,12.5,20.8,55.0,0,35,8.7,0,0,0,0.1,53,4,FWD,55,BRE
99,Mads,Roerslev Rasmussen,1,1,41,1232,27,125.8,200.2,81.0,4,170,40.8,1,0,1,0.2,41,2,DEF,45,BRE
100,Mads,Bech Sørensen,0,0,22,833,14,69.4,112.8,44.0,1,139,22.6,2,0,3,0.1,43,2,DEF,45,BRE
101,Ethan,Pinnock,1,1,90,2694,43,151.7,648.8,335.0,7,517,113.5,7,0,1,2.7,44,2,DEF,45,BRE
102,Ellery,Balcombe,0,0,0,0,0,0.0,0.0,0.0,0,0,0.0,0,0,0,0.0,40,1,GK,40,BRE
103,Jan,Zamburek,0,0,0,0,0,0.0,0.0,0.0,0,0,0.0,0,0,0,0.5,44,3,MID,45,BRE
104,Patrik,Gunnarsson,0,0,0,0,0,0.0,0.0,0.0,0,0,0.0,0,0,0,1.1,39,1,GK,40,BRE
105,Halil,Dervişoğlu,0,0,0,0,0,0.0,0.0,0.0,0,0,0.0,0,0,0,0.0,54,4,FWD,55,BRE
106,Bryan,Mbeumo,4,7,119,2905,47,508.9,441.2,927.0,6,310,186.7,9,0,4,1.9,52,3,MID,55,BRE
107,Mads,Bidstrup,0,0,4,36,0,0.7,6.6,0.0,0,11,0.8,0,0,0,0.1,44,3,MID,45,BRE
108,Frank,Onyeka,0,2,35,1040,19,73.5,93.0,174.0,0,117,33.7,3,0,4,0.1,49,3,MID,50,BRE
109,Kristoffer,Ajer,1,3,81,1995,32,123.5,381.2,184.0,5,384,69.0,8,0,5,0.7,44,2,DEF,45,BRE
110,Dominic,Thompson,0,0,3,146,3,1.2,15.8,6.0,0,12,2.3,0,0,0,0.0,44,2,DEF,45,BRE
111,Shandon,Baptiste,1,0,35,898,15,120.2,132.8,145.0,2,120,39.6,2,1,0,0.0,49,3,MID,50,BRE
112,Yoane,Wissa,7,2,92,1268,22,105.6,318.8,379.0,6,277,79.6,3,0,0,0.3,57,3,MID,60,BRE
113,Álvaro,Fernández,0,0,31,1080,24,0.0,353.2,0.0,2,218,35.2,1,0,0,0.4,45,1,GK,45,BRE
114,Finley,Stevens,0,0,1,14,0,10.3,8.6,2.0,0,4,2.1,0,0,0,0.3,39,2,DEF,40,BRE
115,Mathias,Jorgensen,1,0,18,516,10,44.9,108.6,57.0,0,84,21.1,1,0,2,0.0,45,2,DEF,45,BRE
116,Paris,Maghoma,0,0,0,0,0,0.0,0.0,0.0,0,0,0.0,0,0,0,0.0,45,3,MID,45,BRE
117,Matthew,Cox,0,0,0,0,0,0.0,0.0,0.0,0,0,0.0,0,0,0,0.1,40,1,GK,40,BRE
118,Maxwell,Haygarth,0,0,0,0,0,0.0,0.0,0.0,0,0,0.0,0,0,0,0.0,45,3,MID,45,BRE
119,Nathan,Young-Coombes,0,0,1,3,0,0.0,0.0,0.0,0,2,0.0,0,0,0,1.1,45,4,FWD,45,BRE
120,Myles,Peart-Harris,0,0,0,0,0,0.0,0.0,0.0,0,0,0.0,0,0,0,0.0,45,3,MID,45,BRE
121,Jonas,Lössl,0,0,2,180,5,0.0,15.4,0.0,0,21,1.6,0,0,0,0.0,45,1,GK,45,BRE
122,Christian,Eriksen,1,4,43,938,10,428.6,269.4,172.0,2,221,86.8,4,0,1,1.8,56,3,MID,55,BRE
123,Julian,Jeanvier,0,0,0,0,0,0.0,0.0,0.0,0,0,0.0,0,0,0,0.0,40,2,DEF,40,BRE
124,Adam,Lallana,0,1,44,1559,20,162.9,209.4,173.0,0,240,54.6,6,0,4,0.1,53,3,MID,55,BHA
125,Jason,Steele,0,0,2,90,2,0.0,28.8,0.0,0,17,2.9,0,0,0,2.8,39,1,GK,40,BHA
126,Pascal,Groß,2,5,88,2033,24,902.5,412.6,345.0,7,405,166.2,8,0,1,0.3,56,3,MID,60,BHA
127,Shane,Duffy,1,1,48,1434,19,58.2,380.6,282.0,3,288,72.2,4,0,7,7.6,40,2,DEF,40,BHA
128,Davy,Pröpper,0,0,0,0,0,0.0,0.0,0.0,0,0,0.0,0,0,0,0.0,45,3,MID,45,BHA
129,Lewis,Dunk,1,0,92,2573,33,63.0,551.8,327.0,7,537,94.2,10,1,3,2.3,48,2,DEF,50,BHA
130,Solomon,March,0,2,61,1733,23,512.0,259.6,285.0,0,216,105.6,7,0,1,0.1,53,3,MID,55,BHA
131,Adam,Webster,2,0,59,1429,20,50.1,387.8,112.0,6,266,55.1,4,0,5,0.3,43,2,DEF,45,BHA
132,Joël,Veltman,1,1,95,2874,39,274.6,532.8,148.0,5,545,95.8,8,0,6,1.4,42,2,DEF,45,BHA
133,Neal,Maupay,8,3,98,2269,31,357.3,367.4,672.0,11,295,137.4,7,0,7,4.3,62,4,FWD,65,BHA
134,Leandro,Trossard,8,4,141,2803,33,708.3,627.6,1020.0,16,465,235.4,11,0,2,2.8,59,3,MID,65,BHA
135,Mathew,Ryan,0,0,0,0,0,0.0,0.0,0.0,0,0,0.0,0,0,0,0.0,45,1,GK,45,BHA
136,Alireza,Jahanbakhsh,0,0,0,0,0,0.0,0.0,0.0,0,0,0.0,0,0,0,0.0,55,3,MID,55,BHA
137,Bernardo,Fernandes Da Silva Junior,0,0,0,0,0,0.0,0.0,0.0,0,0,0.0,0,0,0,0.0,40,2,DEF,40,BHA
138,Robert,Sánchez,0,0,126,3330,42,30.0,804.6,0.0,8,679,83.4,11,1,3,14.5,45,1,GK,45,BHA
139,Yves,Bissouma,1,2,66,2110,28,167.1,425.6,126.0,9,351,71.8,7,0,10,4.8,44,3,MID,45,BHA
140,Tariq,Lamptey,0,2,74,1547,21,353.4,246.0,172.0,7,308,76.8,6,0,4,1.8,45,2,DEF,45,BHA
141,Aaron,Connolly,0,0,5,154,1,13.1,2.4,18.0,0,12,3.1,0,0,0,0.1,53,4,FWD,55,BHA
142,Steven,Alzate,0,0,13,401,7,40.8,70.2,21.0,0,77,13.3,0,0,0,0.0,48,3,MID,50,BHA
143,Alexis,Mac Allister,5,2,93,2112,29,455.6,494.0,540.0,8,398,148.8,6,0,4,0.5,51,3,MID,55,BHA
144,Jakub,Moder,0,3,58,1694,23,286.0,239.6,372.0,0,227,90.3,5,0,1,0.5,45,3,MID,45,BHA
145,Danny,Welbeck,6,4,89,1469,16,195.1,302.4,528.0,13,247,101.5,5,0,0,1.6,60,4,FWD,60,BHA
146,Enock,Mwepu,2,5,58,990,13,142.9,241.8,199.0,5,200,58.0,3,0,2,0.1,59,3,MID,60,BHA
147,Kjell,Scherpen,0,0,0,0,0,0.0,0.0,0.0,0,0,0.0,0,0,0,0.0,45,1,GK,45,BHA
148,Florin,Andone,0,0,0,0,0,0.0,0.0,0.0,0,0,0.0,0,0,0,0.0,50,4,FWD,50,BHA
149,Andi,Zeqiri,0,0,0,0,0,0.0,0.0,0.0,0,0,0.0,0,0,0,0.2,45,4,FWD,45,BHA
150,Michal,Karbownik,0,0,0,0,0,0.0,0.0,0.0,0,0,0.0,0,0,0,0.0,40,2,DEF,40,BHA
151,Taylor,Richards,0,0,2,23,0,12.8,4.6,8.0,0,5,2.5,0,0,0,0.0,45,3,MID,45,BHA
152,Moisés,Caicedo,1,1,27,660,6,49.9,136.8,92.0,1,124,27.9,4,0,2,0.1,45,3,MID,45,BHA
153,Haydon,Roberts,0,0,0,0,0,0.0,0.0,0.0,0,0,0.0,0,0,0,0.2,39,2,DEF,40,BHA
154,Marc,Cucurella,1,1,126,3089,39,671.9,659.6,181.0,21,673,151.6,11,0,6,4.1,49,2,DEF,50,BHA
155,Jürgen,Locadia,0,0,1,22,0,1.1,0.0,3.0,0,0,0.1,0,0,0,0.9,44,4,FWD,45,BHA
156,Jeremy,Sarmiento,0,0,5,44,2,2.4,2.8,2.0,0,15,0.8,0,0,0,0.0,45,3,MID,45,BHA
157,Ed,Turns,0,0,0,0,0,0.0,0.0,0.0,0,0,0.0,0,0,0,0.0,40,2,DEF,40,BHA
158,Marc,Leonard,0,0,0,0,0,0.0,0.0,0.0,0,0,0.0,0,0,0,0.0,45,3,MID,45,BHA
159,Evan,Ferguson,0,0,1,22,1,4.8,2.0,2.0,0,4,0.9,0,0,0,0.4,45,4,FWD,45,BHA
160,Thomas,McGill,0,0,0,0,0,0.0,0.0,0.0,0,0,0.0,0,0,0,0.0,40,1,GK,40,BHA
161,Odeluga,Offiah,0,0,0,0,0,0.0,0.0,0.0,0,0,0.0,0,0,0,0.0,40,2,DEF,40,BHA
162,James,Tarkowski,1,2,83,3106,51,106.8,881.4,307.0,5,486,129.7,7,0,11,1.3,49,2,DEF,50,BUR
163,Phil,Bardsley,0,0,0,0,0,0.0,0.0,0.0,0,0,0.0,0,0,0,0.5,39,2,DEF,40,BUR
164,Erik,Pieters,0,1,37,726,5,43.4,179.0,48.0,1,157,27.0,4,0,1,0.1,41,2,DEF,45,BUR
165,Jack,Cork,1,0,48,1670,26,103.9,168.0,72.0,3,143,34.3,6,0,4,0.1,44,3,MID,45,BUR
166,Dale,Stephens,0,0,4,123,0,12.4,12.8,1.0,0,11,2.6,1,0,1,0.0,44,3,MID,45,BUR
167,Kevin,Long,0,0,7,408,7,0.2,28.4,20.0,0,31,4.9,0,0,1,0.2,40,2,DEF,40,BUR
168,Jay,Rodriguez,2,3,60,1365,15,166.0,176.4,455.0,4,159,78.4,6,0,3,1.2,51,4,FWD,55,BUR
169,Ashley,Barnes,1,0,32,793,19,90.7,77.0,192.0,2,60,34.5,1,0,4,1.1,52,4,FWD,55,BUR
170,Ben,Mee,3,0,74,1839,25,63.4,463.8,238.0,3,325,76.6,6,0,3,0.6,46,2,DEF,50,BUR
171,Ashley,Westwood,0,4,63,2286,40,517.1,298.2,153.0,2,303,96.5,4,0,7,0.2,52,3,MID,55,BUR
172,Johann Berg,Gudmundsson,0,1,33,1097,19,137.5,134.0,193.0,0,100,46.5,3,0,2,0.1,54,3,MID,55,BUR
173,Matthew,Lowton,1,3,65,1771,30,264.9,404.2,95.0,5,337,76.5,4,1,3,1.0,44,2,DEF,45,BUR
174,Matej,Vydra,2,3,46,665,7,77.5,172.4,239.0,4,138,48.4,2,0,1,0.5,52,4,FWD,55,BUR
175,Nick,Pope,0,0,130,3240,47,20.0,875.6,0.0,12,683,89.7,9,0,1,3.5,53,1,GK,55,BUR
176,Charlie,Taylor,0,3,78,2730,48,310.5,552.8,50.0,8,454,91.3,5,0,3,0.7,44,2,DEF,45,BUR
177,Will,Norris,0,0,0,0,0,0.0,0.0,0.0,0,0,0.0,0,0,0,0.1,43,1,GK,45,BUR
178,Josh,Brownhill,2,3,92,2952,45,560.8,565.8,277.0,8,428,140.6,7,0,10,3.6,43,3,MID,45,BUR
179,Josh,Benson,0,0,0,0,0,0.0,0.0,0.0,0,0,0.0,0,0,0,0.0,45,3,MID,45,BUR
180,Bailey,Peacock-Farrell,0,0,0,0,0,0.0,0.0,0.0,0,0,0.0,0,0,0,0.0,45,1,GK,45,BUR
181,Dwight,McNeil,0,1,84,3104,49,729.5,556.8,489.0,1,440,178.0,9,0,1,0.2,55,3,MID,60,BUR
182,Nathan,Collins,2,0,55,1670,26,62.4,426.6,246.0,1,272,73.7,5,1,2,0.5,43,2,DEF,45,BUR
183,Wayne,Hennessey,0,0,4,180,6,30.0,62.8,0.0,0,37,9.3,0,0,0,0.3,45,1,GK,45,BUR
184,Lewis,Richardson,0,0,0,0,0,0.0,0.0,0.0,0,0,0.0,0,0,0,4.4,44,4,FWD,45,BUR
185,Bobby,Thomas,0,0,0,0,0,0.0,0.0,0.0,0,0,0.0,0,0,0,0.3,39,2,DEF,40,BUR
186,Owen,Dodgson,0,0,0,0,0,0.0,0.0,0.0,0,0,0.0,0,0,0,0.1,39,2,DEF,40,BUR
187,Aaron,Lennon,2,1,60,1541,25,136.2,190.2,218.0,1,172,54.1,4,0,2,0.1,46,3,MID,50,BUR
188,Maxwel,Cornet,9,2,104,1764,24,246.9,390.2,547.0,9,242,118.4,5,0,2,0.8,58,3,MID,60,BUR
189,Connor,Roberts,1,1,69,1689,23,195.6,299.4,98.0,6,313,59.3,6,0,2,0.6,44,2,DEF,45,BUR
190,Wout,Weghorst,2,3,55,1448,20,188.0,203.0,360.0,6,134,74.9,6,0,3,4.0,62,4,FWD,65,BUR
191,Sam,Waller,0,0,0,0,0,0.0,0.0,0.0,0,0,0.0,0,0,0,0.0,40,1,GK,40,BUR
192,Dara,Costelloe,0,0,0,0,0,0.0,0.0,0.0,0,0,0.0,0,0,0,0.0,45,3,MID,45,BUR
193,Joseph,McGlynn,0,0,0,0,0,0.0,0.0,0.0,0,0,0.0,0,0,0,0.0,45,4,FWD,45,BUR
194,Anthony,Mancini,0,0,0,0,0,0.0,0.0,0.0,0,0,0.0,0,0,0,0.0,45,3,MID,45,BUR
195,César,Azpilicueta,1,3,87,2067,23,305.0,450.8,212.0,2,453,96.9,7,0,3,3.3,56,2,DEF,60,CHE
196,Olivier,Giroud,0,0,0,0,0,0.0,0.0,0.0,0,0,0.0,0,0,0,0.0,65,4,FWD,65,CHE
197,Thiago,Emiliano da Silva,3,1,130,2649,28,132.0,801.4,229.0,14,667,116.4,11,0,2,7.9,56,2,DEF,55,CHE
198,Marcos,Alonso,4,5,128,2164,22,677.3,560.2,566.0,14,528,180.6,9,0,8,15.3,57,2,DEF,55,CHE
199,Jorge Luiz,Frello Filho,6,2,106,2271,16,429.3,605.8,214.0,11,519,125.1,12,0,5,3.9,57,3,MID,60,CHE
200,Ross,Barkley,1,0,14,174,2,104.8,19.2,38.0,1,43,16.3,1,0,0,0.1,52,3,MID,55,CHE
201,Mateo,Kovacic,2,5,76,1552,11,407.4,409.6,198.0,7,348,101.5,8,0,4,1.7,49,3,MID,50,CHE
202,Michy,Batshuayi,0,0,0,0,0,0.0,0.0,0.0,0,0,0.0,0,0,0,0.0,55,4,FWD,55,CHE
203,Antonio,Rüdiger,3,3,150,3035,27,257.4,581.6,484.0,10,661,132.3,15,0,9,18.8,61,2,DEF,55,CHE
204,Kepa,Arrizabalaga,0,0,19,360,2,0.0,95.6,0.0,1,89,9.6,2,0,0,0.3,45,1,GK,50,CHE
205,N'Golo,Kanté,2,5,79,1769,19,380.6,434.0,221.0,2,377,103.6,9,0,2,2.4,49,3,MID,50,CHE
206,Hakim,Ziyech,4,3,79,1311,12,429.5,350.6,482.0,9,281,126.0,7,0,3,0.8,73,3,MID,75,CHE
207,Ruben,Loftus-Cheek,0,3,52,1384,21,291.1,282.8,218.0,1,251,79.2,5,0,1,0.2,54,3,MID,55,CHE
208,Andreas,Christensen,0,0,69,1494,11,103.4,296.4,20.0,3,343,42.0,9,0,2,1.4,46,2,DEF,50,CHE
209,Timo,Werner,4,2,62,1278,17,153.1,207.6,773.0,5,175,112.7,5,0,1,2.3,85,4,FWD,90,CHE
210,Benjamin,Chilwell,3,1,55,541,2,161.0,175.6,202.0,5,161,54.0,4,0,0,3.0,56,2,DEF,60,CHE
211,Tammy,Abraham,0,0,0,0,0,0.0,0.0,0.0,0,0,0.0,0,0,0,0.1,65,4,FWD,65,CHE
212,Christian,Pulisic,6,2,77,1282,10,223.9,317.6,434.0,2,206,97.5,6,0,2,0.7,79,3,MID,80,CHE
213,Mason,Mount,11,11,169,2358,25,914.8,812.8,931.0,16,597,265.8,11,0,4,21.9,77,3,MID,75,CHE
214,Ethan,Ampadu,0,0,0,0,0,0.0,0.0,0.0,0,0,0.0,0,0,0,0.0,45,2,DEF,45,CHE
215,Callum,Hudson-Odoi,1,4,49,958,8,326.9,175.4,326.0,1,163,82.7,6,0,1,0.2,53,3,MID,55,CHE
216,Kai,Havertz,8,4,112,1802,18,301.6,420.4,855.0,5,271,156.6,10,0,3,5.8,79,3,MID,85,CHE
217,Reece,James,5,9,141,1863,22,696.1,582.0,436.0,26,573,171.5,7,1,4,19.1,65,2,DEF,55,CHE
218,Edouard,Mendy,0,0,130,3060,31,0.0,564.8,0.0,3,573,56.1,14,0,3,11.4,61,1,GK,60,CHE
219,Malang,Sarr,0,0,30,544,7,45.1,113.4,1.0,4,141,15.9,4,0,2,0.2,49,2,DEF,50,CHE
220,Trevoh,Chalobah,3,1,99,1447,9,105.8,405.8,151.0,11,396,66.1,9,0,2,2.4,47,2,DEF,50,CHE
221,Romelu,Lukaku,8,1,87,1583,14,303.3,367.0,704.0,12,310,137.2,7,0,1,7.7,114,4,FWD,115,CHE
222,Emerson,Palmieri dos Santos,0,0,1,4,0,0.1,0.0,2.0,0,3,0.2,0,0,0,0.0,45,2,DEF,45,CHE
223,Saúl,Ñíguez,0,1,16,478,6,51.8,63.2,41.0,0,68,15.5,1,0,1,0.1,49,3,MID,55,CHE
224,Marcus,Bettinelli,0,0,0,0,0,0.0,0.0,0.0,0,0,0.0,0,0,0,0.0,40,1,GK,40,CHE
225,Lewis,Hall,0,0,0,0,0,0.0,0.0,0.0,0,0,0.0,0,0,0,0.0,45,3,MID,45,CHE
226,Harvey,Vale,0,0,0,0,0,0.0,0.0,0.0,0,0,0.0,0,0,0,0.0,45,3,MID,45,CHE
227,Robert Kenedy,Nunes do Nascimento,0,1,4,58,0,0.0,0.0,0.0,0,19,0.0,0,0,0,0.0,45,2,DEF,45,CHE
228,Conor,Gallagher,8,6,140,2843,38,611.1,665.2,671.0,16,469,194.5,11,0,10,11.2,60,3,MID,55,CRY
229,Vicente,Guaita,0,0,119,2655,33,0.0,588.4,0.0,11,567,58.8,11,0,2,5.6,46,1,GK,45,CRY
230,James,Tomkins,1,0,17,545,11,22.0,140.4,88.0,2,97,25.1,0,0,2,0.1,43,2,DEF,45,CRY
231,James,McArthur,0,4,54,1434,15,256.5,324.0,120.0,5,288,70.0,5,0,4,1.1,43,3,MID,45,CRY
232,Christian,Benteke,4,1,58,1132,20,176.7,250.2,523.0,6,173,94.3,4,0,3,1.2,59,4,FWD,65,CRY
233,Cheikhou,Kouyaté,0,1,77,1970,28,85.5,312.4,41.0,5,395,44.0,8,0,3,0.6,45,2,DEF,45,CRY
234,Martin,Kelly,0,0,0,0,0,0.0,0.0,0.0,0,0,0.0,0,0,0,2.5,38,2,DEF,40,CRY
235,Luka,Milivojevic,0,0,19,767,16,196.6,88.6,38.0,0,118,32.3,1,0,1,0.0,52,3,MID,55,CRY
236,Jordan,Ayew,3,4,77,2012,31,361.3,349.2,491.0,3,281,120.1,9,0,2,1.0,58,4,FWD,60,CRY
237,Wilfried,Zaha,14,2,150,2759,34,630.6,732.2,963.0,11,422,232.5,11,1,4,8.5,69,3,MID,70,CRY
238,Jeffrey,Schlupp,4,2,86,1840,19,238.5,403.6,461.0,2,297,110.4,8,0,1,0.1,54,3,MID,55,CRY
239,Jack,Butland,0,0,30,765,13,0.0,155.0,0.0,3,132,15.7,1,0,0,0.4,44,1,GK,45,CRY
240,Jairo,Riedewald,0,0,4,116,5,27.5,11.2,2.0,0,16,4.0,0,0,0,0.0,47,3,MID,50,CRY
241,Jarosław,Jach,0,0,0,0,0,0.0,0.0,0.0,0,0,0.0,0,0,0,0.0,42,2,DEF,45,CRY
242,Jean-Philippe,Mateta,5,1,61,1138,14,112.8,253.6,568.0,6,182,93.4,5,0,2,2.7,53,4,FWD,55,CRY
243,Eberechi,Eze,1,1,31,599,8,175.1,120.0,135.0,2,125,43.2,3,0,1,0.1,59,3,MID,60,CRY
244,Nathan,Ferguson,0,0,1,8,0,0.0,0.2,0.0,0,3,0.0,0,0,0,0.0,45,2,DEF,45,CRY
245,Tyrick,Mitchell,0,2,109,3101,43,379.2,610.4,111.0,6,561,110.1,10,0,1,1.4,45,2,DEF,45,CRY
246,Will,Hughes,0,2,34,1050,16,141.1,155.8,60.0,2,164,35.8,4,0,6,0.1,47,3,MID,50,CRY
247,Michael,Olise,2,6,73,1127,14,389.0,308.2,269.0,8,287,96.5,4,0,4,0.2,53,3,MID,55,CRY
248,Joel,Ward,0,0,73,2486,37,132.2,440.4,58.0,2,422,63.2,9,0,8,0.2,45,2,DEF,45,CRY
249,Marc,Guéhi,2,1,123,3222,43,98.5,720.6,290.0,8,676,111.1,11,0,4,2.0,45,2,DEF,45,CRY
250,Joachim,Andersen,0,4,124,2914,37,233.2,610.8,142.0,14,619,98.6,12,0,4,2.7,47,2,DEF,45,CRY
251,Nathaniel,Clyne,0,1,59,1351,12,97.7,170.8,17.0,4,264,28.7,6,0,1,0.8,43,2,DEF,45,CRY
252,Reece,Hannam,0,0,0,0,0,0.0,0.0,0.0,0,0,0.0,0,0,0,0.1,39,2,DEF,40,CRY
253,Jesurun,Rak-Sakyi,0,0,4,79,0,5.0,1.0,0.0,0,7,0.6,1,0,0,0.0,44,3,MID,45,CRY
254,Robert,Street,0,0,0,0,0,0.0,0.0,0.0,0,0,0.0,0,0,0,0.8,45,4,FWD,45,CRY
255,Scott,Banks,0,0,0,0,0,0.0,0.0,0.0,0,0,0.0,0,0,0,0.0,45,3,MID,45,CRY
256,Remi,Matthews,0,0,0,0,0,0.0,0.0,0.0,0,0,0.0,0,0,0,0.4,39,1,GK,40,CRY
257,Odsonne,Edouard,6,4,87,1554,19,252.4,385.2,610.0,9,280,125.0,9,0,4,2.9,60,4,FWD,65,CRY
258,Tayo,Adaramola,0,0,0,0,0,0.0,0.0,0.0,0,0,0.0,0,0,0,0.0,40,2,DEF,40,CRY
259,Anwar,El Ghazi,1,1,22,392,8,85.2,74.6,85.0,1,61,24.4,1,0,2,0.3,56,3,MID,60,EVE
260,Fabian,Delph,0,0,18,660,6,58.4,115.6,16.0,0,118,19.0,3,0,2,1.3,42,3,MID,45,EVE
261,Gylfi,Sigurdsson,0,0,0,0,0,0.0,0.0,0.0,0,0,0.0,0,0,0,0.6,67,3,MID,70,EVE
262,Seamus,Coleman,1,1,79,2656,50,232.1,469.4,170.0,6,439,86.9,7,0,4,1.0,49,2,DEF,50,EVE
263,James,Rodríguez,0,0,0,0,0,0.0,0.0,0.0,0,0,0.0,0,0,0,0.5,69,3,MID,70,EVE
264,Bernard,Anício Caldeira Duarte,0,0,0,0,0,0.0,0.0,0.0,0,0,0.0,0,0,0,0.0,55,3,MID,55,EVE
265,Michael,Keane,3,2,102,2791,54,96.9,676.4,229.0,11,518,100.4,8,1,2,2.7,46,2,DEF,50,EVE
266,Jordan,Pickford,0,0,116,3150,58,43.0,863.2,0.0,12,624,90.5,7,0,2,6.3,48,1,GK,50,EVE
267,Allan,Marques Loureiro,0,3,58,2181,38,228.4,391.4,82.0,2,313,70.4,6,1,7,2.9,43,3,MID,45,EVE
268,André Filipe,Tavares Gomes,0,1,18,614,19,85.2,84.0,136.0,0,47,30.6,0,0,3,0.1,49,3,MID,50,EVE
269,Abdoulaye,Doucouré,2,5,90,2536,47,285.7,476.8,441.0,8,387,120.6,5,0,6,1.2,53,3,MID,55,EVE
270,Alex,Iwobi,2,2,78,2029,38,489.7,361.8,351.0,6,312,120.1,6,0,1,0.3,58,3,MID,60,EVE
271,Yerry,Mina,0,0,24,844,10,18.2,164.8,66.0,0,133,24.6,2,0,3,0.3,49,2,DEF,50,EVE
272,Tom,Davies,1,0,12,230,9,8.0,51.4,90.0,0,44,15.0,0,0,1,0.1,48,3,MID,50,EVE
273,Dominic,Calvert-Lewin,5,2,64,1281,31,123.2,236.4,441.0,10,207,79.9,3,0,2,3.0,77,4,FWD,80,EVE
274,Mason,Holgate,2,2,62,2133,42,41.8,414.6,120.0,2,312,57.6,5,1,7,1.6,42,2,DEF,45,EVE
275,Ben,Godfrey,0,0,45,2029,39,164.6,416.0,222.0,1,318,80.5,4,0,6,0.4,47,2,DEF,50,EVE
276,Richarlison,de Andrade,10,6,125,2522,46,383.7,651.4,1010.0,19,413,203.9,7,0,9,12.3,76,4,FWD,75,EVE
277,João,Virgínia,0,0,0,0,0,0.0,0.0,0.0,0,0,0.0,0,0,0,0.8,40,1,GK,40,EVE
278,Donny,van de Beek,2,0,31,550,14,76.5,116.4,85.0,1,119,27.8,2,0,1,0.3,57,3,MID,60,EVE
279,Bamidele,Alli,1,0,35,985,23,132.0,178.6,125.0,1,103,43.6,3,0,4,1.0,62,3,MID,65,EVE
280,Asmir,Begović,0,0,13,270,8,0.0,53.0,0.0,3,61,5.3,1,0,0,2.3,40,1,GK,40,EVE
281,Andros,Townsend,3,2,66,1452,30,468.9,351.6,221.0,8,252,103.9,3,0,3,2.1,52,3,MID,55,EVE
282,Demarai,Gray,5,5,106,2336,39,641.6,479.2,731.0,3,397,185.3,6,0,3,5.2,54,3,MID,55,EVE
283,Jonjoe,Kenny,0,1,21,1015,24,157.1,147.4,42.0,0,147,34.7,1,1,1,0.1,43,2,DEF,45,EVE
284,Anthony,Gordon,4,3,100,2277,40,512.2,456.8,632.0,9,325,160.2,7,0,4,5.7,47,3,MID,45,EVE
285,Jean-Philippe,Gbamin,0,0,3,65,2,0.6,7.0,0.0,0,10,0.8,0,0,0,0.0,44,3,MID,45,EVE
286,Jarrad,Branthwaite,1,0,7,387,17,2.3,69.8,44.0,1,49,11.7,0,1,0,0.3,40,2,DEF,40,EVE
287,Nathan,Broadhead,0,0,0,0,0,0.0,0.0,0.0,0,0,0.0,0,0,0,0.0,45,4,FWD,45,EVE
288,Moise,Kean,0,0,1,1,0,0.0,0.0,0.0,0,2,0.0,0,0,0,0.0,60,4,FWD,60,EVE
289,Niels,Nkounkou,0,0,0,0,0,0.0,0.0,0.0,0,0,0.0,0,0,0,0.0,40,2,DEF,40,EVE
290,Andy,Lonergan,0,0,0,0,0,0.0,0.0,0.0,0,0,0.0,0,0,0,0.1,39,1,GK,40,EVE
291,Salomón,Rondón,1,1,30,779,16,108.9,94.2,339.0,2,73,53.8,2,1,2,0.2,60,4,FWD,60,EVE
292,Ellis,Simms,0,0,2,61,0,0.4,6.4,0.0,0,6,0.7,1,0,0,0.2,45,4,FWD,45,EVE
293,Lewis,Dobbin,0,0,2,30,1,0.9,2.4,4.0,0,6,0.8,0,0,1,0.9,45,4,FWD,45,EVE
294,Charlie,Whitaker,0,0,0,0,0,0.0,0.0,0.0,0,0,0.0,0,0,0,0.0,45,3,MID,45,EVE
295,Harry,Tyrer,0,0,0,0,0,0.0,0.0,0.0,0,0,0.0,0,0,0,0.0,40,1,GK,40,EVE
296,Cenk,Tosun,0,0,1,5,0,0.1,0.0,0.0,0,3,0.0,0,0,0,0.1,50,4,FWD,50,EVE
297,Reece,Welch,0,0,0,0,0,0.0,0.0,0.0,0,0,0.0,0,0,0,0.0,40,2,DEF,40,EVE
298,Tyler,Onyango,0,0,3,27,0,0.0,1.2,18.0,0,8,1.9,0,0,0,0.0,45,3,MID,45,EVE
299,Nathan,Patterson,0,0,0,0,0,0.0,0.0,0.0,0,0,0.0,0,0,0,0.0,41,2,DEF,45,EVE
300,Vitalii,Mykolenko,1,1,42,1054,17,138.8,187.4,66.0,3,177,39.4,3,0,0,1.2,49,2,DEF,50,EVE
301,Isaac,Price,0,0,1,13,1,0.0,0.0,0.0,0,-2,0.0,0,0,0,0.0,45,3,MID,45,EVE
302,Kasper,Schmeichel,0,0,131,3330,58,11.2,1064.0,0.0,12,706,107.8,7,0,1,18.2,50,1,GK,50,LEI
303,Jonny,Evans,1,1,39,1346,23,46.7,339.2,73.0,0,257,45.9,2,0,3,0.3,54,2,DEF,55,LEI
304,Marc,Albrighton,1,2,40,1127,24,208.6,236.2,51.0,2,169,49.7,2,0,3,0.1,52,3,MID,55,LEI
305,Nampalys,Mendy,0,0,24,1032,15,42.7,85.4,7.0,0,147,13.6,2,0,3,1.1,43,3,MID,45,LEI
306,Danny,Ward,0,0,3,90,1,0.0,32.4,0.0,0,17,3.2,0,0,0,3.4,40,1,GK,40,LEI
307,Jamie,Vardy,15,3,133,1801,27,227.9,560.4,722.0,24,480,150.2,4,0,2,12.0,103,4,FWD,105,LEI
308,Dennis,Praet,0,0,0,0,0,0.0,0.0,0.0,0,0,0.0,0,0,0,0.0,49,3,MID,50,LEI
309,Ricardo Domingos,Barbosa Pereira,1,3,35,990,20,128.1,252.0,120.0,3,202,50.1,1,0,3,1.5,52,2,DEF,55,LEI
310,Daniel,Amartey,0,0,55,2118,40,69.1,458.6,20.0,4,422,54.7,5,0,4,10.9,40,2,DEF,40,LEI
311,Timothy,Castagne,1,0,75,2124,30,224.7,426.0,92.0,6,365,74.4,6,0,1,1.5,53,2,DEF,55,LEI
312,Youri,Tielemans,6,4,120,2629,42,577.1,714.6,442.0,14,532,172.9,6,0,3,3.5,64,3,MID,65,LEI
313,Ayoze,Pérez,2,3,35,438,15,128.1,100.8,146.0,2,101,37.0,1,1,0,0.1,57,3,MID,60,LEI
314,James,Maddison,12,11,181,2454,41,664.1,767.4,753.0,24,637,218.3,5,0,3,16.3,69,3,MID,70,LEI
315,Kelechi,Iheanacho,4,6,80,1253,25,242.7,292.0,390.0,10,246,92.2,1,0,1,3.2,70,4,FWD,75,LEI
316,Hamza,Choudhury,0,0,8,284,4,2.8,43.0,6.0,0,41,5.3,1,0,1,0.1,44,3,MID,45,LEI
317,Harvey,Barnes,6,12,137,2095,30,413.0,525.2,975.0,10,377,191.0,8,0,2,4.2,65,3,MID,70,LEI
318,Wilfred,Ndidi,0,1,41,1617,26,66.0,322.0,179.0,0,240,57.0,5,0,4,0.8,48,3,MID,50,LEI
319,Çaglar,Söyüncü,1,0,66,2497,44,64.7,606.4,90.0,6,454,76.2,5,0,5,2.1,49,2,DEF,50,LEI
320,James,Justin,0,0,29,996,13,129.4,178.4,97.0,1,167,40.7,2,0,0,0.6,49,2,DEF,50,LEI
321,Luke,Thomas,0,1,50,1911,35,198.5,406.2,59.0,1,349,66.6,5,0,2,0.8,43,2,DEF,45,LEI
322,Wesley,Fofana,0,0,17,630,7,29.8,109.6,23.0,2,112,16.3,1,0,2,0.9,43,2,DEF,45,LEI
323,Jannik,Vestergaard,0,0,11,563,16,15.2,159.2,15.0,0,115,19.0,1,0,2,0.4,47,2,DEF,50,LEI
324,Patson,Daka,5,3,70,1152,20,166.2,287.8,460.0,8,216,90.9,3,0,2,1.4,70,4,FWD,75,LEI
325,Boubakary,Soumaré,0,1,36,1095,27,98.6,142.6,40.0,1,153,28.1,2,0,0,0.1,48,3,MID,50,LEI
326,Ryan,Bertrand,0,0,4,337,7,14.8,48.0,8.0,0,32,7.2,0,0,1,0.3,46,2,DEF,50,LEI
327,Kiernan,Dewsbury-Hall,1,2,70,2101,27,494.2,373.8,219.0,4,337,108.9,8,0,4,1.6,44,3,MID,45,LEI
328,Eldin,Jakupovic,0,0,0,0,0,0.0,0.0,0.0,0,0,0.0,0,0,0,0.2,39,1,GK,40,LEI
329,Ademola,Lookman,6,0,76,1446,31,301.9,363.0,516.0,6,225,117.9,2,0,2,0.3,59,3,MID,60,LEI
330,Vontae,Daley-Campbell,0,0,0,0,0,0.0,0.0,0.0,0,0,0.0,0,0,0,0.0,40,2,DEF,40,LEI
331,Ben,Nelson,0,0,0,0,0,0.0,0.0,0.0,0,0,0.0,0,0,0,0.0,40,2,DEF,40,LEI
332,Lewis,Brunt,0,0,1,23,1,1.5,2.0,2.0,0,2,0.6,0,0,0,0.0,45,3,MID,45,LEI
333,Kasey,McAteer,0,0,1,2,0,0.0,0.0,0.0,0,3,0.0,0,0,0,0.0,45,3,MID,45,LEI
334,Pablo,Hernández Domínguez,0,0,0,0,0,0.0,0.0,0.0,0,0,0.0,0,0,0,0.0,55,3,MID,55,LEE
335,Francisco,Casilla Cortés,0,0,0,0,0,0.0,0.0,0.0,0,0,0.0,0,0,0,0.0,45,1,GK,45,LEE
336,Liam,Cooper,0,2,60,1814,26,53.3,406.4,65.0,5,352,52.7,5,0,5,0.3,44,2,DEF,45,LEE
337,Luke,Ayling,2,3,55,2272,66,186.5,603.2,238.0,8,405,102.5,2,1,4,2.8,43,2,DEF,45,LEE
338,Mateusz,Klich,1,2,61,2071,52,432.9,337.2,476.0,4,277,124.3,1,0,5,0.3,51,3,MID,55,LEE
339,Rodrigo,Moreno,6,2,85,2263,37,533.1,422.8,581.0,11,351,153.6,5,0,9,2.1,63,4,FWD,65,LEE
340,Stuart,Dallas,1,1,80,2920,66,509.6,615.8,288.0,6,473,141.8,5,0,5,2.7,49,3,MID,55,LEE
341,Patrick,Bamford,2,2,28,557,14,69.0,125.8,289.0,2,90,47.9,0,0,2,2.8,77,4,FWD,80,LEE
342,Diego,Llorente,3,0,77,2341,44,39.8,515.4,142.0,6,432,70.0,5,0,7,0.4,45,2,DEF,45,LEE
343,Kalvin,Phillips,0,1,39,1594,25,137.0,249.0,99.0,1,209,48.8,3,0,4,0.9,47,3,MID,50,LEE
344,Hélder Wander,Sousa de Azevedo e Costa,0,0,1,21,0,0.4,0.0,1.0,0,1,0.0,0,0,0,0.0,54,3,MID,55,LEE
345,Tyler,Roberts,1,1,34,976,26,189.8,160.4,296.0,1,105,64.9,1,0,5,0.1,48,3,MID,50,LEE
346,Robin,Koch,0,0,23,1572,40,67.4,196.2,113.0,0,186,37.9,1,0,3,0.1,43,2,DEF,45,LEE
347,Ian Carlo,Poveda-Ocampo,0,0,0,0,0,0.0,0.0,0.0,0,0,0.0,0,0,0,0.0,45,3,MID,45,LEE
348,Raphael,Dias Belloli,11,4,145,2916,68,898.8,728.2,872.0,14,457,250.1,5,0,7,11.6,63,3,MID,65,LEE
349,Jamie,Shackleton,0,1,19,704,14,29.0,126.6,62.0,0,94,21.9,1,0,4,0.1,44,3,MID,45,LEE
350,Pascal,Struijk,1,1,35,2050,53,124.6,479.2,191.0,0,339,79.6,1,1,6,0.2,43,2,DEF,45,LEE
351,Illan,Meslier,0,0,106,3384,79,0.0,1059.6,0.0,8,713,105.8,5,0,2,2.0,48,1,GK,50,LEE
352,Jack,Harrison,8,1,117,2638,68,582.1,569.0,647.0,12,408,179.0,3,0,3,1.5,55,3,MID,60,LEE
353,Daniel,James,4,5,91,2489,51,348.1,336.4,810.0,2,221,148.1,5,1,7,0.5,60,3,MID,60,LEE
354,Héctor Junior,Firpo Adames,0,2,22,1709,49,287.0,310.0,139.0,4,219,73.5,1,0,11,0.3,47,2,DEF,50,LEE
355,Kristoffer,Klaesson,0,0,2,35,0,0.0,25.4,0.0,0,12,2.5,0,0,0,0.1,43,1,GK,45,LEE
356,Sam,Greenwood,0,2,15,231,5,45.0,51.6,34.0,0,54,13.0,0,0,0,3.1,46,4,FWD,45,LEE
357,Crysencio,Summerville,0,0,6,126,1,32.0,18.6,36.0,0,20,8.6,0,0,0,0.0,45,3,MID,45,LEE
358,Adam,Forshaw,0,1,38,1526,41,195.3,217.2,119.0,0,204,53.3,2,0,5,0.1,45,3,MID,45,LEE
359,Cody,Drameh,0,0,0,126,6,16.5,20.0,4.0,0,14,4.0,0,0,1,0.1,39,2,DEF,40,LEE
360,Charlie,Cresswell,0,0,4,140,4,0.6,29.2,4.0,0,19,3.3,0,0,1,0.3,40,2,DEF,40,LEE
361,Liam,McCarron,0,0,1,9,1,0.0,0.0,0.0,0,3,0.0,0,0,0,0.0,44,3,MID,45,LEE
362,Joe,Gelhardt,2,4,43,733,25,115.2,148.0,410.0,3,129,67.0,1,0,4,4.1,47,4,FWD,45,LEE
363,Nohan,Kenneh,0,0,-1,0,0,0.0,0.0,0.0,0,-3,0.0,0,0,1,0.0,44,3,MID,45,LEE
364,Stuart,McKinstry,0,0,1,3,0,0.1,0.0,0.0,0,3,0.0,0,0,0,0.3,43,3,MID,45,LEE
365,Leo Fuhr,Hjelde,0,0,2,148,5,12.8,45.6,2.0,0,29,6.1,0,0,0,0.0,40,2,DEF,40,LEE
366,Lewis,Bate,0,0,3,145,4,2.8,5.4,1.0,0,4,0.8,0,0,0,0.0,45,3,MID,45,LEE
367,Jack,Jenkins,0,0,0,0,0,0.0,0.0,0.0,0,0,0.0,0,0,0,0.0,45,3,MID,45,LEE
368,Kris,Moore,0,0,0,0,0,0.0,0.0,0.0,0,0,0.0,0,0,0,0.0,40,2,DEF,40,LEE
369,Archie,Gray,0,0,0,0,0,0.0,0.0,0.0,0,0,0.0,0,0,0,0.0,45,3,MID,45,LEE
370,James,Milner,0,1,38,844,6,327.8,229.2,74.0,1,196,63.2,4,0,2,0.1,49,3,MID,50,LIV
371,Jordan,Henderson,2,5,110,2592,22,644.7,478.6,247.0,9,507,136.8,15,0,3,1.8,49,3,MID,50,LIV
372,Adrián,San Miguel del Castillo,0,0,0,0,0,0.0,0.0,0.0,0,0,0.0,0,0,0,0.2,43,1,GK,45,LIV
373,Joel,Matip,3,3,170,2790,21,170.6,678.6,478.0,20,763,132.8,17,0,2,10.1,53,2,DEF,50,LIV
374,Thiago,Alcántara do Nascimento,1,4,69,1527,7,410.1,394.6,274.0,3,338,108.2,11,0,2,0.6,53,3,MID,55,LIV
375,Xherdan,Shaqiri,0,0,0,0,0,0.0,0.0,0.0,0,0,0.0,0,0,0,0.0,59,3,MID,60,LIV
376,Alex,Oxlade-Chamberlain,2,1,42,777,7,170.0,162.8,208.0,2,148,54.0,3,0,0,0.2,58,3,MID,60,LIV
377,Roberto,Firmino,5,4,62,980,9,226.1,312.6,471.0,5,270,101.0,5,0,3,2.4,87,4,FWD,90,LIV
378,Virgil,van Dijk,3,3,183,3060,21,150.3,726.4,455.0,13,803,133.1,21,0,3,17.8,68,2,DEF,65,LIV
379,Sadio,Mané,16,5,183,2818,24,592.5,763.2,1533.0,10,526,288.7,17,0,5,4.8,118,3,MID,120,LIV
380,Alisson,Ramses Becker,0,1,176,3240,24,10.0,688.0,0.0,15,782,69.8,20,0,0,9.4,61,1,GK,60,LIV
381,Fabio Henrique,Tavares,5,1,97,2311,18,282.2,501.8,310.0,7,438,109.4,15,0,7,0.9,54,3,MID,55,LIV
382,Mohamed,Salah,23,14,265,2758,22,874.1,1203.8,2091.0,29,756,417.0,17,0,1,41.0,131,3,MID,125,LIV
383,Andrew,Robertson,3,11,186,2537,20,882.7,660.2,329.0,23,770,187.4,17,1,5,11.6,73,2,DEF,70,LIV
384,Divock,Origi,3,0,22,126,0,6.6,104.6,165.0,3,87,27.4,0,0,0,1.4,48,4,FWD,50,LIV
385,Takumi,Minamino,3,0,28,178,1,33.8,117.4,104.0,2,89,25.4,0,0,1,0.1,51,3,MID,55,LIV
386,Trent,Alexander-Arnold,2,12,208,2853,22,1362.8,837.2,478.0,32,864,268.1,18,0,2,37.9,84,2,DEF,75,LIV
387,Joseph,Gomez,0,1,22,330,3,64.0,76.6,13.0,2,92,15.4,2,0,2,0.4,47,2,DEF,50,LIV
388,Naby,Keita,3,2,65,1169,6,229.6,295.8,232.0,4,262,75.9,8,0,3,0.2,50,3,MID,50,LIV
389,Diogo,Jota,15,7,175,2357,19,535.5,734.8,1327.0,8,483,258.8,14,0,3,17.3,83,3,MID,75,LIV
390,Nathaniel,Phillips,0,0,0,0,0,0.0,0.0,0.0,0,0,0.0,0,0,0,0.1,42,2,DEF,45,LIV
391,Caoimhin,Kelleher,0,0,8,180,2,0.0,46.2,0.0,0,52,4.6,1,0,0,0.1,43,1,GK,45,LIV
392,Ibrahima,Konaté,0,0,33,990,10,19.7,197.4,20.0,0,208,23.7,4,0,2,1.4,51,2,DEF,55,LIV
393,Curtis,Jones,1,1,40,849,9,179.7,156.4,171.0,3,177,50.8,4,0,0,0.1,50,3,MID,50,LIV
394,Konstantinos,Tsimikas,0,2,42,874,6,401.1,214.4,141.0,2,202,75.8,4,0,3,12.4,37,2,DEF,40,LIV
395,Neco,Williams,0,1,4,7,0,11.1,18.2,2.0,0,17,3.1,0,0,0,0.5,38,2,DEF,40,LIV
396,Rhys,Williams,0,0,0,0,0,0.0,0.0,0.0,0,0,0.0,0,0,0,0.0,44,2,DEF,45,LIV
397,Ben,Davies,0,0,0,0,0,0.0,0.0,0.0,0,0,0.0,0,0,0,0.1,40,2,DEF,40,LIV
398,Harvey,Elliott,0,0,12,344,2,133.5,43.2,102.0,0,52,27.9,2,0,0,0.1,53,3,MID,55,LIV
399,Ben,Woodburn,0,0,0,0,0,0.0,0.0,0.0,0,0,0.0,0,0,0,0.0,45,3,MID,45,LIV
400,Tyler,Morton,0,0,1,65,1,2.4,2.8,0.0,0,4,0.6,0,0,1,0.0,45,3,MID,45,LIV
401,Kaide,Gordon,0,0,1,8,0,0.6,4.0,9.0,0,-3,1.4,0,0,0,0.0,45,3,MID,45,LIV
402,Conor,Bradley,0,0,0,0,0,0.0,0.0,0.0,0,0,0.0,0,0,0,0.0,40,2,DEF,40,LIV
403,Owen,Beck,0,0,0,0,0,0.0,0.0,0.0,0,0,0.0,0,0,0,0.0,40,2,DEF,40,LIV
404,Marcelo,de Araújo Pitaluga Filho,0,0,0,0,0,0.0,0.0,0.0,0,0,0.0,0,0,0,0.0,40,1,GK,40,LIV
405,Jarell,Quansah,0,0,0,0,0,0.0,0.0,0.0,0,0,0.0,0,0,0,0.0,40,2,DEF,40,LIV
406,Luis,Díaz,4,3,64,957,4,245.6,273.8,530.0,6,227,105.1,6,0,0,8.0,81,3,MID,80,LIV
407,Jack,Grealish,3,3,86,1910,8,730.6,394.4,923.0,2,359,204.8,15,0,3,7.1,75,3,MID,80,MCI
408,Kyle,Walker,0,2,85,1755,14,247.8,274.2,110.0,5,403,63.2,10,0,1,4.7,54,2,DEF,55,MCI
409,Ilkay,Gündogan,8,5,124,1851,10,612.0,484.0,728.0,10,488,182.6,14,0,1,2.6,71,3,MID,75,MCI
410,Kevin,De Bruyne,15,8,196,2196,22,1147.6,973.4,845.0,33,732,296.8,13,0,2,18.6,121,3,MID,120,MCI
411,John,Stones,1,0,70,1117,6,65.9,204.6,110.0,4,290,38.0,9,0,0,2.6,52,2,DEF,55,MCI
412,Benjamin,Mendy,0,0,3,78,1,29.1,15.2,2.0,1,22,4.6,0,0,0,0.3,52,2,DEF,55,MCI
413,Riyad,Mahrez,11,7,135,1485,14,603.3,609.6,814.0,12,477,202.3,7,0,0,4.0,86,3,MID,90,MCI
414,Raheem,Sterling,13,7,163,2121,17,588.2,709.8,1184.0,15,468,248.4,13,0,1,2.6,105,3,MID,110,MCI
415,João Pedro Cavaco,Cancelo,1,11,201,3227,25,750.1,778.6,797.0,27,829,232.8,19,0,7,41.4,72,2,DEF,60,MCI
416,Ederson,Santana de Moraes,0,0,155,3330,26,0.0,556.0,0.0,4,701,55.6,20,0,3,12.1,62,1,GK,60,MCI
417,Nathan,Aké,2,0,54,919,3,58.9,245.0,75.0,0,234,37.9,5,0,0,0.5,47,2,DEF,50,MCI
418,Aymeric,Laporte,4,2,160,2830,24,197.4,641.0,331.0,8,714,116.7,18,1,5,11.0,60,2,DEF,55,MCI
419,Zack,Steffen,0,0,7,90,0,0.0,23.0,0.0,1,29,2.3,1,0,0,0.2,44,1,GK,45,MCI
420,Bernardo Mota,Veiga de Carvalho e Silva,8,8,155,2856,23,849.7,729.6,950.0,15,663,253.5,16,0,6,14.0,70,3,MID,70,MCI
421,Rúben Santos,Gato Alves Dias,2,5,141,2401,18,225.2,581.2,268.0,12,622,107.6,14,0,5,15.5,62,2,DEF,60,MCI
422,Gabriel Fernando,de Jesus,8,8,120,1871,15,508.4,563.6,1075.0,16,488,214.6,11,0,1,10.2,86,4,FWD,85,MCI
423,Oleksandr,Zinchenko,0,4,59,1044,9,256.6,234.2,103.0,4,284,59.5,5,0,0,1.5,53,2,DEF,55,MCI
424,Phil,Foden,9,6,137,2125,16,670.4,563.2,920.0,11,483,215.7,13,0,1,7.6,79,3,MID,80,MCI
425,Rodrigo,Hernandez,7,2,127,2884,22,525.5,716.6,435.0,9,618,168.1,17,0,5,1.9,55,3,MID,55,MCI
426,Ferran,Torres,2,1,26,303,1,30.0,88.6,204.0,2,65,32.3,3,0,0,1.9,67,3,MID,70,MCI
427,Fernando,Luiz Rosa,2,1,45,956,12,172.9,220.8,147.0,2,209,54.2,3,0,1,0.3,47,3,MID,50,MCI
428,Cole,Palmer,0,1,9,121,0,30.8,11.0,60.0,0,29,10.2,1,0,0,0.1,45,3,MID,45,MCI
429,Samuel,Edozie,0,0,0,0,0,0.0,0.0,0.0,0,0,0.0,0,0,0,0.0,47,3,MID,50,MCI
430,Tommy,Doyle,0,0,0,0,0,0.0,0.0,0.0,0,0,0.0,0,0,0,0.0,45,3,MID,45,MCI
431,Scott,Carson,0,0,0,0,0,0.0,0.0,0.0,0,0,0.0,0,0,0,1.4,39,1,GK,40,MCI
432,Luke,Mbete,0,0,0,0,0,0.0,0.0,0.0,0,0,0.0,0,0,0,0.1,39,2,DEF,40,MCI
433,Joshua,Wilson-Esbrand,0,0,0,0,0,0.0,0.0,0.0,0,0,0.0,0,0,0,0.2,39,2,DEF,40,MCI
434,Romeo,Lavia,0,0,0,0,0,0.0,0.0,0.0,0,0,0.0,0,0,0,0.0,44,3,MID,45,MCI
435,Cieran,Slicker,0,0,0,0,0,0.0,0.0,0.0,0,0,0.0,0,0,0,0.0,40,1,GK,40,MCI
436,James,McAtee,0,0,2,18,0,0.2,0.0,0.0,0,3,0.0,0,0,0,0.0,44,3,MID,45,MCI
437,Conrad,Egan-Riley,0,0,1,3,0,0.0,2.2,0.0,0,5,0.2,0,0,0,0.0,40,2,DEF,40,MCI
438,Kayky da Silva,Chagas,0,0,1,6,0,0.3,0.0,0.0,0,2,0.0,0,0,0,0.0,50,4,FWD,50,MCI
439,Liam,Delap,0,0,1,8,0,0.0,0.0,2.0,0,2,0.1,0,0,0,0.2,45,4,FWD,45,MCI
440,Edinson,Cavani,2,1,34,760,10,73.7,109.0,283.0,2,105,46.7,1,0,0,1.6,84,4,FWD,85,MUN
441,David,de Gea,0,0,132,3420,57,0.3,947.2,0.0,7,667,94.2,8,0,0,8.5,50,1,GK,50,MUN
442,Nemanja,Matic,0,4,52,1375,26,216.9,302.6,45.0,3,271,56.5,2,0,3,0.5,43,3,MID,45,MUN
443,Paul,Pogba,1,9,65,1347,22,355.1,332.6,328.0,6,254,101.4,2,1,7,6.3,74,3,MID,75,MUN
444,Harry,Maguire,1,0,69,2513,43,75.9,560.8,314.0,4,451,95.1,7,1,7,4.3,54,2,DEF,55,MUN
445,Frederico,Rodrigues de Paula Santos,4,5,93,2026,31,390.2,583.4,201.0,8,426,117.5,7,0,5,0.8,49,3,MID,50,MUN
446,Luke,Shaw,0,3,46,1600,24,586.1,292.0,54.0,3,276,93.3,3,0,8,10.8,50,2,DEF,55,MUN
447,Jesse,Lingard,2,0,29,354,13,109.5,115.8,102.0,1,105,32.7,0,0,1,0.9,67,3,MID,70,MUN
448,Bruno Miguel,Borges Fernandes,10,7,151,3110,54,1275.5,901.0,853.0,15,626,303.3,8,0,10,13.5,116,3,MID,120,MUN
449,Anthony,Martial,1,0,14,207,3,17.5,40.4,91.0,2,40,14.6,0,0,0,0.5,76,4,FWD,80,MUN
450,Alex Nicolao,Telles,0,4,67,1658,26,437.3,382.4,95.0,6,345,91.5,5,0,1,0.8,49,2,DEF,50,MUN
451,Dean,Henderson,0,0,0,0,0,0.0,0.0,0.0,0,0,0.0,0,0,0,0.4,47,1,GK,50,MUN
452,Marcus,Rashford,4,2,63,1224,28,155.4,233.8,406.0,0,171,79.4,2,0,2,0.6,94,3,MID,95,MUN
453,Axel,Tuanzebe,0,0,14,505,10,1.1,71.2,43.0,0,86,11.5,1,0,1,0.3,44,2,DEF,45,MUN
454,Victor,Lindelöf,0,2,66,2353,47,75.4,433.2,66.0,4,471,57.6,6,0,4,0.5,48,2,DEF,50,MUN
455,Scott,McTominay,1,2,68,2386,37,311.8,463.4,258.0,2,346,103.4,8,0,9,0.3,54,3,MID,55,MUN
456,Eric,Bailly,0,0,2,216,4,1.0,36.0,0.0,0,22,3.7,0,0,1,0.1,49,2,DEF,50,MUN
457,Aaron,Wan-Bissaka,0,0,41,1793,35,237.0,371.8,123.0,3,329,73.3,3,0,2,2.9,51,2,DEF,55,MUN
458,Mason,Greenwood,5,2,71,1269,18,266.1,292.2,516.0,7,232,107.3,3,0,1,3.9,71,3,MID,75,MUN
459,Juan,Mata,0,0,10,230,4,52.1,31.0,57.0,0,50,14.0,1,0,0,0.1,47,3,MID,50,MUN
460,Jadon,Sancho,3,4,91,1894,28,596.7,363.2,549.0,9,362,150.9,6,0,0,2.1,89,3,MID,95,MUN
461,Tom,Heaton,0,0,0,0,0,0.0,0.0,0.0,0,0,0.0,0,0,0,0.8,39,1,GK,40,MUN
462,José Diogo,Dalot Teixeira,0,0,54,1797,29,282.2,404.0,124.0,5,382,80.9,5,0,4,1.4,42,2,DEF,45,MUN
463,Andreas,Pereira,0,0,0,0,0,0.0,0.0,0.0,0,0,0.0,0,0,0,0.0,50,3,MID,50,MUN
464,Anthony,Elanga,2,3,59,1208,17,168.2,199.8,297.0,2,193,66.6,4,0,0,0.8,48,3,MID,50,MUN
465,Raphaël,Varane,1,1,75,1829,22,60.0,402.4,119.0,9,378,58.5,5,0,0,2.3,55,2,DEF,55,MUN
466,Cristiano Ronaldo,dos Santos Aveiro,18,3,159,2454,41,421.9,800.4,1535.0,29,608,274.6,8,0,8,18.1,122,4,FWD,125,MUN
467,Phil,Jones,0,0,4,161,3,1.6,53.0,0.0,0,41,5.5,0,0,0,0.0,45,2,DEF,45,MUN
468,Amad,Diallo,0,0,0,0,0,0.0,0.0,0.0,0,0,0.0,0,0,0,0.0,50,3,MID,50,MUN
469,Hannibal,Mejbri,0,0,1,67,2,0.6,0.0,0.0,0,-2,0.0,0,0,2,0.0,45,3,MID,45,MUN
470,Alejandro,Garnacho Ferreyra,0,0,2,12,0,0.0,0.0,0.0,0,5,0.0,0,0,0,0.0,45,3,MID,45,MUN
471,Shola,Shoretire,0,0,1,15,0,0.0,0.0,0.0,0,3,0.0,0,0,0,0.0,45,3,MID,45,MUN
472,Álvaro,Fernández,0,0,0,0,0,0.0,0.0,0.0,0,0,0.0,0,0,0,0.0,40,2,DEF,40,MUN
473,Charlie,Savage,0,0,0,0,0,0.0,0.0,0.0,0,0,0.0,0,0,0,0.0,45,3,MID,45,MUN
474,Joseph,Willock,2,3,79,2037,37,243.2,320.4,449.0,3,248,101.3,6,0,0,0.8,53,3,MID,60,NEW
475,Matt,Targett,1,2,101,2871,47,623.8,567.4,184.0,7,530,137.6,9,0,3,2.8,47,2,DEF,50,NEW
476,Dan,Burn,1,1,92,2461,30,83.7,569.8,264.0,6,454,91.6,9,0,8,1.1,44,2,DEF,45,NEW
477,Chris,Wood,5,0,91,2694,41,265.3,270.6,784.0,8,228,130.1,6,0,1,1.8,63,4,FWD,70,NEW
478,Jonjo,Shelvey,2,1,63,1981,30,246.7,320.8,156.0,6,292,72.6,6,1,5,0.1,53,3,MID,55,NEW
479,Matt,Ritchie,0,2,20,1333,37,420.1,225.0,92.0,0,207,73.9,0,0,5,0.2,49,2,DEF,50,NEW
480,Ciaran,Clark,0,1,14,1012,27,49.9,189.2,95.0,1,131,33.1,0,1,2,0.1,44,2,DEF,45,NEW
481,Karl,Darlow,0,0,20,720,15,0.0,157.0,0.0,3,110,15.8,0,0,1,0.3,45,1,GK,45,NEW
482,Martin,Dubravka,0,0,96,2340,35,10.0,566.4,0.0,9,465,57.7,8,0,1,2.8,44,1,GK,45,NEW
483,Callum,Wilson,8,0,75,1386,32,116.0,248.8,434.0,14,220,78.2,3,0,4,1.5,71,4,FWD,75,NEW
484,Jeff,Hendrick,1,0,8,69,3,12.1,38.8,9.0,0,25,6.0,0,0,0,0.0,48,3,MID,50,NEW
485,Ryan,Fraser,2,5,78,1459,23,428.1,250.2,324.0,8,263,99.2,5,0,3,0.3,51,3,MID,55,NEW
486,Jamaal,Lascelles,1,1,47,2055,44,46.4,399.8,276.0,2,284,71.9,3,0,5,0.2,44,2,DEF,45,NEW
487,Dwight,Gayle,0,0,7,34,0,24.2,4.2,13.0,0,22,4.1,0,0,1,0.2,52,4,FWD,55,NEW
488,Paul,Dummett,0,0,7,197,1,1.9,24.2,0.0,0,28,2.6,1,0,2,0.0,45,2,DEF,45,NEW
489,Javier,Manquillo,1,3,38,1258,27,65.4,244.2,64.0,0,206,37.7,1,0,5,4.6,39,2,DEF,40,NEW
490,Emil,Krafth,0,1,58,1636,20,102.7,270.4,54.0,3,262,42.9,6,0,5,0.2,43,2,DEF,45,NEW
491,Jacob,Murphy,1,4,62,1457,35,280.2,261.6,275.0,0,215,81.4,2,0,4,0.4,46,3,MID,50,NEW
492,Fabian,Schär,2,2,88,2158,32,115.9,465.2,234.0,10,383,81.7,6,0,4,2.5,41,2,DEF,45,NEW
493,Isaac,Hayden,1,0,28,1000,25,33.6,187.6,66.0,3,124,28.3,0,0,5,0.1,45,3,MID,45,NEW
494,Allan,Saint-Maximin,5,7,116,2804,54,649.7,554.8,841.0,15,394,204.9,9,0,6,10.9,67,4,FWD,65,NEW
495,Miguel,Almirón,1,0,59,1706,32,234.7,224.6,343.0,0,228,80.5,6,0,2,0.2,50,3,MID,55,NEW
496,Sean,Longstaff,1,1,48,1458,29,114.8,230.4,93.0,1,206,44.0,2,0,1,0.5,43,3,MID,45,NEW
497,Joelinton Cássio,Apolinário de Lira,4,2,83,2554,46,386.4,529.6,583.0,7,323,149.5,7,0,8,1.7,59,4,FWD,60,NEW
498,Jamal,Lewis,0,0,10,261,4,13.8,39.4,2.0,0,39,5.6,1,0,1,0.1,42,2,DEF,45,NEW
499,Matthew,Longstaff,0,0,0,0,0,0.0,0.0,0.0,0,0,0.0,0,0,0,0.0,45,3,MID,45,NEW
500,Federico,Fernández,0,1,11,521,12,13.8,129.4,69.0,0,91,21.2,0,0,0,0.1,43,2,DEF,45,NEW
501,Freddie,Woodman,0,0,9,360,12,0.0,89.4,0.0,0,64,9.0,0,0,0,0.3,43,1,GK,45,NEW
502,Mark,Gillespie,0,0,0,0,0,0.0,0.0,0.0,0,0,0.0,0,0,0,0.3,39,1,GK,40,NEW
503,Joe,White,0,0,0,0,0,0.0,0.0,0.0,0,0,0.0,0,0,0,0.1,44,3,MID,45,NEW
504,Elliot,Anderson,0,0,0,0,0,0.0,0.0,0.0,0,0,0.0,0,0,0,0.0,45,3,MID,45,NEW
505,Kieran,Trippier,2,0,28,429,5,121.7,146.2,14.0,3,101,28.3,1,0,0,0.3,49,2,DEF,50,NEW
506,Bruno,Guimarães Rodriguez Moura,5,1,67,1031,13,188.8,385.4,301.0,11,245,87.7,4,0,4,2.8,50,3,MID,50,NEW
507,Lucas,De Bolle,0,0,0,0,0,0.0,0.0,0.0,0,0,0.0,0,0,0,0.0,44,3,MID,45,NEW
508,Billy,Gilmour,0,1,49,1852,52,458.7,280.2,134.0,1,283,87.2,2,0,2,3.0,43,3,MID,45,NOR
509,Brandon,Williams,0,1,36,2119,52,289.3,371.0,80.0,4,346,74.5,2,0,8,4.6,39,2,DEF,40,NOR
510,Michael,McGovern,0,0,0,0,0,0.0,0.0,0.0,0,0,0.0,0,0,0,1.1,39,1,GK,40,NOR
511,Tim,Krul,0,0,90,2610,62,13.4,749.8,0.0,11,527,76.4,5,0,1,1.4,45,1,GK,45,NOR
512,Teemu,Pukki,11,3,142,3253,79,355.7,527.4,1049.0,19,441,193.2,6,0,4,9.6,61,4,FWD,60,NOR
513,Marco,Stiepermann,0,0,0,0,0,0.0,0.0,0.0,0,0,0.0,0,0,0,0.0,50,3,MID,50,NOR
514,Lukas,Rupp,0,0,23,759,16,129.6,89.4,115.0,0,112,33.3,0,0,0,0.2,44,3,MID,45,NOR
515,Kenny,McLean,1,0,69,2707,62,184.9,346.6,355.0,0,308,88.8,6,0,3,0.1,49,3,MID,50,NOR
516,Grant,Hanley,1,0,71,2897,70,73.4,746.6,220.0,4,508,104.1,6,0,2,0.2,44,2,DEF,45,NOR
517,Onel,Hernández,0,0,0,0,0,0.0,0.0,0.0,0,0,0.0,0,0,0,0.0,49,3,MID,50,NOR
518,Sam,Byram,0,0,20,1023,27,57.9,213.0,121.0,0,163,39.3,2,0,3,0.0,44,2,DEF,45,NOR
519,Jordan,Hugill,0,0,0,0,0,0.0,0.0,0.0,0,0,0.0,0,0,0,0.0,54,4,FWD,55,NOR
520,Kieran,Dowell,1,1,41,905,24,243.3,133.8,80.0,1,122,45.4,2,0,0,0.1,51,3,MID,55,NOR
521,Christoph,Zimmermann,0,0,0,156,8,0.5,19.8,7.0,0,16,2.8,0,0,0,0.0,44,2,DEF,45,NOR
522,Todd,Cantwell,0,0,10,438,15,48.5,34.4,20.0,0,48,10.3,0,0,2,0.2,53,3,MID,55,NOR
523,Max,Aarons,0,2,55,2879,69,315.2,497.0,166.0,2,413,97.4,4,0,8,0.9,43,2,DEF,45,NOR
524,Jacob,Sørensen,0,0,9,600,18,12.2,104.6,86.0,0,92,20.4,0,0,0,0.0,43,2,DEF,45,NOR
525,Przemyslaw,Placheta,0,0,18,499,12,77.2,61.0,139.0,0,60,27.9,1,0,1,0.0,47,3,MID,50,NOR
526,Adam,Idah,1,2,36,617,11,84.0,120.2,187.0,3,107,38.5,1,0,0,0.5,48,4,FWD,50,NOR
527,Josh,Martin,0,0,0,0,0,0.0,0.0,0.0,0,0,0.0,0,0,0,0.0,50,3,MID,50,NOR
528,Andrew,Omobamidele,1,0,14,381,9,5.7,126.4,35.0,3,74,16.8,0,0,1,2.0,39,2,DEF,40,NOR
529,Angus,Gunn,0,0,31,810,22,0.0,305.4,0.0,3,177,30.6,1,0,0,1.8,40,1,GK,40,NOR
530,Milot,Rashica,1,2,70,2228,56,488.5,286.8,437.0,0,191,121.4,4,0,0,0.1,52,3,MID,55,NOR
531,Ben,Gibson,0,0,53,2494,57,46.7,549.8,139.0,0,412,73.8,6,1,3,0.1,44,2,DEF,45,NOR
532,Dimitris,Giannoulis,0,1,39,1165,27,131.1,255.2,51.0,2,241,43.8,4,0,2,0.1,44,2,DEF,45,NOR
533,Pierre,Lees-Melou,1,2,70,2261,55,377.2,357.0,239.0,1,341,97.1,5,0,5,0.1,48,3,MID,50,NOR
534,Bali,Mumba,0,0,0,45,3,3.3,9.6,0.0,0,6,1.3,0,0,0,0.2,39,2,DEF,40,NOR
535,Joshua,Sargent,2,2,60,1566,33,166.7,189.0,323.0,3,205,68.0,4,0,1,0.2,54,4,FWD,55,NOR
536,Christos,Tzolis,0,0,16,326,9,97.0,38.6,107.0,0,58,24.1,0,0,0,0.0,48,3,MID,50,NOR
537,Ozan,Kabak,0,0,18,923,25,23.9,166.2,65.0,0,137,25.6,2,0,2,0.0,43,2,DEF,45,NOR
538,Mathias,Normann,1,2,52,1643,40,208.2,273.0,111.0,3,206,58.9,4,0,6,0.1,45,3,MID,45,NOR
539,Jonathan,Tomkinson,0,0,0,0,0,0.0,0.0,0.0,0,0,0.0,0,0,0,0.0,40,2,DEF,40,NOR
540,Jonathan,Rowe,0,1,16,208,5,62.1,42.0,48.0,0,39,15.2,0,0,0,0.0,44,3,MID,45,NOR
541,Thomas,Dickson-Peters,0,0,0,0,0,0.0,0.0,0.0,0,0,0.0,0,0,0,0.0,45,4,FWD,45,NOR
542,Jon,McCracken,0,0,0,0,0,0.0,0.0,0.0,0,0,0.0,0,0,0,0.1,40,1,GK,40,NOR
543,Liam,Gibbs,0,0,0,0,0,0.0,0.0,0.0,0,0,0.0,0,0,0,0.1,45,3,MID,45,NOR
544,Abu,Kamara,0,0,0,0,0,0.0,0.0,0.0,0,0,0.0,0,0,0,0.3,45,4,FWD,45,NOR
545,Tony,Springett,0,0,3,140,6,21.7,14.4,27.0,0,11,6.3,0,0,1,0.0,45,3,MID,45,NOR
546,Theo,Walcott,0,0,12,376,8,19.2,13.6,70.0,0,28,9.7,0,0,0,0.1,58,3,MID,60,SOU
547,Fraser,Forster,0,0,57,1710,35,0.0,559.8,0.0,6,330,56.2,3,0,1,1.2,44,1,GK,45,SOU
548,Alex,McCarthy,0,0,55,1530,27,10.0,320.2,0.0,3,286,33.1,5,0,1,1.2,43,1,GK,45,SOU
549,Oriol,Romeu Vidal,2,2,88,2890,52,521.5,527.4,247.0,6,487,129.8,7,0,9,0.5,45,3,MID,45,SOU
550,Nathan,Redmond,1,6,79,1827,33,506.7,330.4,289.0,6,313,112.6,4,0,0,0.1,59,3,MID,60,SOU
551,Jack,Stephens,0,0,12,810,19,47.7,176.0,6.0,0,135,23.1,1,0,3,0.1,44,2,DEF,45,SOU
552,Stuart,Armstrong,2,1,57,1465,30,363.7,249.4,369.0,3,239,98.2,3,0,1,0.2,58,3,MID,60,SOU
553,James,Ward-Prowse,10,5,159,3215,65,1159.6,933.6,394.0,21,769,248.9,7,1,3,5.3,64,3,MID,65,SOU
554,Kyle,Walker-Peters,1,3,82,2630,49,364.1,465.2,423.0,7,481,124.9,6,0,5,1.1,48,2,DEF,50,SOU
555,Jan,Bednarek,4,0,94,2629,52,88.1,699.6,321.0,15,499,111.2,7,0,10,1.4,44,2,DEF,45,SOU
556,Daniel,N'Lundulu,0,0,0,0,0,0.0,0.0,0.0,0,0,0.0,0,0,0,0.0,45,4,FWD,45,SOU
557,Che,Adams,7,4,103,2034,40,337.0,425.8,800.0,11,333,156.4,5,0,0,2.6,65,4,FWD,70,SOU
558,Nathan,Tella,0,2,29,802,18,102.2,79.4,138.0,0,81,31.7,1,0,2,0.0,47,3,MID,50,SOU
559,William,Smallbone,0,0,5,132,5,15.7,7.2,8.0,0,25,3.1,0,0,0,0.0,45,3,MID,45,SOU
560,Michael,Obafemi,0,0,0,0,0,0.0,0.0,0.0,0,0,0.0,0,0,0,2.1,45,4,FWD,45,SOU
561,Ibrahima,Diallo,0,3,44,1016,21,209.6,177.6,79.0,3,187,46.6,1,0,1,0.1,45,3,MID,45,SOU
562,Moussa,Djenepo,0,0,13,452,10,87.0,45.2,126.0,0,21,25.8,1,0,3,0.0,52,3,MID,55,SOU
563,Mohammed,Salisu,0,0,58,2971,58,132.3,720.0,330.0,4,478,117.9,6,1,8,0.2,45,2,DEF,45,SOU
564,Romain,Perraud,0,1,38,1621,33,152.7,195.2,178.0,1,189,52.4,3,0,3,0.1,48,2,DEF,50,SOU
565,Tino,Livramento,1,2,80,2200,42,327.4,437.2,221.0,7,440,98.8,7,0,2,6.6,42,2,DEF,40,SOU
566,Mohamed,Elyounoussi,4,3,90,2039,35,331.1,379.8,719.0,6,243,142.8,8,0,4,0.2,54,3,MID,55,SOU
567,Armando,Broja,6,2,92,1969,37,159.2,280.2,720.0,11,234,115.6,5,0,2,7.9,53,4,FWD,50,SOU
568,Shane,Long,1,0,19,300,5,29.2,57.8,169.0,0,48,25.5,0,0,1,0.2,54,4,FWD,55,SOU
569,Adam,Armstrong,2,3,57,1409,31,173.9,179.2,567.0,3,150,91.3,4,0,1,1.4,57,4,FWD,60,SOU
570,Yan,Valery,0,0,9,369,7,20.4,70.8,2.0,0,62,9.3,1,0,0,0.8,39,2,DEF,40,SOU
571,Lyanco Evangelista,Silveira Neves Vojnovic,0,0,19,906,20,35.3,194.2,58.0,1,155,28.7,1,0,2,0.0,44,2,DEF,45,SOU
572,Harry,Lewis,0,0,0,0,0,0.0,0.0,0.0,0,0,0.0,0,0,0,0.9,39,1,GK,40,SOU
573,Willy,Caballero,0,0,2,180,5,0.0,53.2,0.0,0,23,5.4,0,0,1,0.0,42,1,GK,45,SOU
574,Dynel,Simeu,0,0,0,0,0,0.0,0.0,0.0,0,0,0.0,0,0,0,0.0,40,2,DEF,40,SOU
575,Thierry,Small,0,0,0,0,0,0.0,0.0,0.0,0,0,0.0,0,0,0,0.0,40,2,DEF,40,SOU
576,Kgaogelo,Chauke,0,0,0,0,0,0.0,0.0,0.0,0,0,0.0,0,0,0,0.0,45,3,MID,45,SOU
577,Tyler,Dibling,0,0,0,0,0,0.0,0.0,0.0,0,0,0.0,0,0,0,0.0,45,3,MID,45,SOU
578,Joe,Hart,0,0,0,0,0,0.0,0.0,0.0,0,0,0.0,0,0,0,0.0,45,1,GK,45,TOT
579,Hugo,Lloris,0,0,158,3420,40,23.0,743.6,0.0,11,703,76.6,16,0,2,8.5,55,1,GK,55,TOT
580,Toby,Alderweireld,0,0,0,0,0,0.0,0.0,0.0,0,0,0.0,0,0,0,0.0,50,2,DEF,50,TOT
581,Erik,Lamela,0,0,0,0,0,0.0,0.0,0.0,0,0,0.0,0,0,0,0.0,60,3,MID,60,TOT
582,Harry,Kane,17,11,192,3231,40,637.9,969.4,1701.0,23,684,330.4,14,0,5,23.4,125,4,FWD,125,TOT
583,Serge,Aurier,0,0,0,0,0,0.0,0.0,0.0,0,0,0.0,0,0,0,0.2,49,2,DEF,50,TOT
584,Heung-Min,Son,23,10,258,3009,30,1037.8,1128.6,1211.0,27,819,338.2,18,0,2,35.6,112,3,MID,100,TOT
585,Matt,Doherty,2,5,67,871,11,224.4,279.6,291.0,8,255,79.6,3,0,0,0.8,45,2,DEF,50,TOT
586,Eric,Dier,0,1,132,3071,30,116.3,710.6,195.0,7,680,102.2,16,0,1,6.5,47,2,DEF,45,TOT
587,Lucas,Rodrigues Moura da Silva,2,6,87,1763,21,466.2,370.6,431.0,4,324,126.7,8,0,4,1.3,59,3,MID,65,TOT
588,Ben,Davies,1,2,105,2537,30,199.6,482.2,243.0,3,490,92.8,12,0,6,3.1,45,2,DEF,45,TOT
589,Pierre-Emile,Højbjerg,2,3,109,3196,34,413.6,690.0,315.0,6,616,141.9,16,0,3,2.6,48,3,MID,50,TOT
590,Harry,Winks,0,2,33,904,15,198.4,167.8,20.0,1,175,38.7,1,0,2,1.0,44,3,MID,45,TOT
591,Davinson,Sánchez,2,1,93,1626,16,93.1,408.2,186.0,8,417,68.8,10,0,4,2.0,42,2,DEF,45,TOT
592,Ryan,Sessegnon,0,3,56,1046,11,178.1,159.2,129.0,3,231,46.6,6,0,2,2.1,44,2,DEF,45,TOT
593,Steven,Bergwijn,3,2,55,548,6,101.2,163.6,273.0,3,138,53.7,3,0,1,0.4,59,3,MID,60,TOT
594,Sergio,Reguilón,2,4,104,1914,25,459.9,468.8,362.0,9,438,129.3,9,0,4,7.2,50,2,DEF,50,TOT
595,Japhet,Tanganga,0,0,29,735,11,48.1,118.0,108.0,0,133,27.5,5,1,2,0.8,42,2,DEF,45,TOT
596,Giovani,Lo Celso,0,0,11,231,5,77.6,33.4,59.0,0,41,16.8,0,0,0,0.1,59,3,MID,60,TOT
597,Oliver,Skipp,0,0,34,1346,13,151.5,183.8,39.0,0,180,37.4,8,0,6,0.6,44,3,MID,45,TOT
598,Joe,Rodon,0,0,3,87,3,0.7,19.6,0.0,0,17,2.0,0,0,0,0.1,42,2,DEF,45,TOT
599,Tanguy,Ndombele,1,1,22,481,11,83.1,99.8,122.0,0,85,30.4,0,0,1,0.2,57,3,MID,60,TOT
600,Pierluigi,Gollini,0,0,0,0,0,0.0,0.0,0.0,0,0,0.0,0,0,0,0.2,42,1,GK,45,TOT
601,Bryan,Gil Salvatierra,0,0,9,86,1,37.3,22.8,25.0,0,32,8.5,0,0,0,0.1,57,3,MID,60,TOT
602,Cristian,Romero,1,0,63,1844,25,98.9,498.8,102.0,10,385,69.9,5,0,8,0.7,48,2,DEF,50,TOT
603,Dane,Scarlett,0,0,1,3,0,0.0,1.0,0.0,0,4,0.1,0,0,0,2.3,45,4,FWD,45,TOT
604,Emerson Aparecido,Leite de Souza Junior,1,1,102,2282,26,446.1,454.6,298.0,8,489,120.0,10,0,5,2.5,46,2,DEF,50,TOT
605,Dilan,Markanday,0,0,0,0,0,0.0,0.0,0.0,0,0,0.0,0,0,0,0.0,45,3,MID,45,TOT
606,Tobi,Omole,0,0,0,0,0,0.0,0.0,0.0,0,0,0.0,0,0,0,0.1,39,2,DEF,40,TOT
607,Brandon,Austin,0,0,0,0,0,0.0,0.0,0.0,0,0,0.0,0,0,0,0.0,40,1,GK,40,TOT
608,Harvey,White,0,0,0,0,0,0.0,0.0,0.0,0,0,0.0,0,0,0,0.0,44,3,MID,45,TOT
609,Dejan,Kulusevski,5,9,99,1259,11,343.6,346.6,382.0,8,343,106.9,9,0,3,10.9,63,3,MID,60,TOT
610,Rodrigo,Bentancur,0,4,52,1360,12,205.0,274.2,118.0,4,266,59.7,9,0,5,0.1,49,3,MID,50,TOT
611,Alfie,Devine,0,0,0,0,0,0.0,0.0,0.0,0,0,0.0,0,0,0,0.0,45,3,MID,45,TOT
612,Jamie,Bowden,0,0,0,0,0,0.0,0.0,0.0,0,0,0.0,0,0,0,0.0,45,3,MID,45,TOT
613,Marcel,Lavinier,0,0,0,0,0,0.0,0.0,0.0,0,0,0.0,0,0,0,0.0,40,2,DEF,40,TOT
614,Matthew,Craig,0,0,0,0,0,0.0,0.0,0.0,0,0,0.0,0,0,0,0.0,45,3,MID,45,TOT
615,Moussa,Sissoko,2,1,85,3220,73,513.2,558.4,308.0,1,408,138.1,4,0,5,2.3,43,3,MID,45,WAT
616,Ben,Foster,0,1,81,2340,49,10.0,559.2,0.0,9,433,57.0,4,0,0,19.7,42,1,GK,40,WAT
617,Danny,Rose,0,0,7,688,16,80.5,104.8,39.0,0,75,22.4,0,0,4,0.2,42,2,DEF,45,WAT
618,Dan,Gosling,1,0,11,164,5,17.3,13.4,7.0,0,44,3.7,1,0,0,0.0,47,3,MID,50,WAT
619,Craig,Cathcart,0,1,50,2394,55,46.4,504.6,42.0,1,393,59.3,3,0,3,0.2,42,2,DEF,45,WAT
620,Troy,Deeney,0,0,2,23,1,10.6,2.2,14.0,0,5,2.7,0,0,0,0.3,54,4,FWD,55,WAT
621,Tom,Cleverley,0,2,48,1611,38,301.6,211.8,133.0,0,209,64.6,2,0,2,0.1,48,3,MID,50,WAT
622,Francisco,Femenía Far,0,5,53,2143,49,393.9,404.0,36.0,1,385,83.7,2,0,2,0.1,43,2,DEF,45,WAT
623,Andre,Gray,0,0,0,0,0,0.0,0.0,0.0,0,0,0.0,0,0,0,0.1,54,4,FWD,55,WAT
624,Christian,Kabasele,0,0,21,1190,30,27.1,217.0,42.0,0,163,28.7,1,0,0,0.1,43,2,DEF,45,WAT
625,Nathaniel,Chalobah,0,0,0,0,0,0.0,0.0,0.0,0,0,0.0,0,0,0,0.0,50,3,MID,50,WAT
626,William,Troost-Ekong,0,0,18,1388,30,14.1,252.6,17.0,0,171,28.4,0,0,3,0.1,43,2,DEF,45,WAT
627,Stipe,Perica,0,0,0,0,0,0.0,0.0,0.0,0,0,0.0,0,0,0,0.6,45,4,FWD,45,WAT
628,Daniel,Bachmann,0,0,25,1080,28,0.0,300.6,0.0,0,196,30.2,0,0,0,1.3,40,1,GK,45,WAT
629,Adam,Masina,0,1,25,1075,26,106.6,198.6,31.0,2,179,33.7,1,0,0,0.1,43,2,DEF,45,WAT
630,Ken,Sema,0,0,26,844,16,159.9,84.8,51.0,0,81,29.5,2,0,1,0.0,52,3,MID,55,WAT
631,Philip,Zinckernagel,0,0,0,0,0,0.0,0.0,0.0,0,0,0.0,0,0,0,0.0,55,3,MID,55,WAT
632,Isaac,Success Ajayi,0,0,0,0,0,0.0,0.0,0.0,0,0,0.0,0,0,0,0.1,50,4,FWD,50,WAT
633,Ayotomiwa,Dele-Bashiru,0,0,0,0,0,0.0,0.0,0.0,0,0,0.0,0,0,0,0.0,45,3,MID,45,WAT
634,Ashley,Fletcher,0,0,3,28,0,0.5,9.0,20.0,0,5,3.0,0,0,0,0.2,48,4,FWD,50,WAT
635,Francisco,Sierralta,0,0,5,427,9,0.5,95.0,19.0,0,57,11.5,0,0,0,0.0,43,2,DEF,45,WAT
636,Domingos,Quina,0,0,0,0,0,0.0,0.0,0.0,0,0,0.0,0,0,0,0.0,45,3,MID,45,WAT
637,Marc,Navarro,0,0,0,0,0,0.0,0.0,0.0,0,0,0.0,0,0,0,0.2,40,2,DEF,40,WAT
638,Ismaila,Sarr,5,2,81,1862,40,298.1,342.4,540.0,9,217,118.0,2,0,2,2.7,57,3,MID,60,WAT
639,Jeremy,Ngakia,0,0,28,896,19,74.0,171.8,16.0,2,154,25.9,2,0,0,0.0,42,2,DEF,45,WAT
640,Ben,Wilmot,0,0,0,0,0,0.0,0.0,0.0,0,0,0.0,0,0,0,0.0,45,2,DEF,45,WAT
641,Joseph,Hungbo,0,0,0,0,0,0.0,0.0,0.0,0,0,0.0,0,0,0,0.0,45,3,MID,45,WAT
642,Imrân,Louza,0,0,31,1415,38,228.2,232.6,122.0,0,173,58.4,3,0,6,0.0,52,3,MID,55,WAT
643,João Pedro,Junqueira de Jesus,3,1,60,1634,35,279.6,318.2,587.0,4,207,118.8,2,0,1,0.5,54,4,FWD,55,WAT
644,Kwadwo,Baah,0,0,0,0,0,0.0,0.0,0.0,0,0,0.0,0,0,0,0.1,43,3,MID,45,WAT
645,Emmanuel,Dennis,10,7,134,2579,60,453.4,667.6,932.0,21,425,205.2,3,1,7,20.0,58,4,FWD,50,WAT
646,Matthew,Pollock,0,0,0,0,0,0.0,0.0,0.0,0,0,0.0,0,0,0,0.3,40,2,DEF,40,WAT
647,Oghenekaro Peter,Etebo,0,0,10,396,8,33.2,47.0,10.0,0,58,9.0,0,0,3,0.2,43,3,MID,45,WAT
648,Joshua,King,5,4,87,2244,47,444.1,391.8,692.0,5,268,152.4,3,0,5,2.9,56,4,FWD,55,WAT
649,Adedapo,Awokoya-Mebude,0,0,0,0,0,0.0,0.0,0.0,0,0,0.0,0,0,0,0.1,45,4,FWD,45,WAT
650,Juan Camilo,Hernández Suárez,5,2,62,1138,34,289.4,303.6,397.0,8,247,98.5,1,0,3,1.6,49,4,FWD,50,WAT
651,Juraj,Kucka,1,2,54,1917,34,164.2,304.8,353.0,2,218,82.1,2,1,3,0.1,55,3,MID,55,WAT
652,Ozan,Tufan,0,0,10,334,9,53.1,18.2,23.0,0,22,9.0,0,0,0,0.0,50,3,MID,50,WAT
653,Robert,Elliot,0,0,0,0,0,0.0,0.0,0.0,0,0,0.0,0,0,0,0.5,40,1,GK,40,WAT
654,Nicolas,Nkoulou,0,0,5,167,2,10.7,23.4,0.0,0,27,3.5,0,0,0,0.0,44,2,DEF,45,WAT
655,James,Morris,0,0,0,0,0,0.0,0.0,0.0,0,0,0.0,0,0,0,0.0,40,2,DEF,40,WAT
656,Vincent,Angelini,0,0,0,0,0,0.0,0.0,0.0,0,0,0.0,0,0,0,0.0,40,1,GK,40,WAT
657,Kamil,Conteh,0,0,0,0,0,0.0,0.0,0.0,0,0,0.0,0,0,0,0.1,45,3,MID,45,WAT
658,Hassane,Kamara,1,0,38,1622,37,152.5,352.0,45.0,3,299,54.7,3,1,3,0.1,45,2,DEF,45,WAT
659,Samir,Caetano de Souza Santos,0,0,36,1674,36,24.7,292.2,121.0,0,272,43.9,4,0,4,0.0,45,2,DEF,45,WAT
660,Edo,Kayembe,0,0,24,795,17,90.4,117.2,27.0,1,127,23.5,2,0,0,0.0,45,3,MID,50,WAT
661,Samuel,Kalu,0,0,7,221,6,31.9,21.8,24.0,0,23,7.8,1,0,0,0.0,49,3,MID,50,WAT
662,Shaqai,Forde,0,0,0,0,0,0.0,0.0,0.0,0,0,0.0,0,0,0,0.2,45,4,FWD,45,WAT
663,Tiago,Çukur,0,0,0,0,0,0.0,0.0,0.0,0,0,0.0,0,0,0,0.0,45,4,FWD,45,WAT
664,Adrian,Blake,0,0,0,0,0,0.0,0.0,0.0,0,0,0.0,0,0,0,0.0,45,3,MID,45,WAT
665,Jack,Grieves,0,0,0,0,0,0.0,0.0,0.0,0,0,0.0,0,0,0,0.1,45,4,FWD,45,WAT
666,Kurt,Zouma,1,0,66,2078,29,32.8,496.2,131.0,5,388,66.2,5,0,1,1.2,54,2,DEF,55,WHU
667,Mark,Noble,1,0,19,325,5,14.2,82.4,34.0,1,76,13.1,1,0,0,0.7,43,3,MID,45,WHU
668,Darren,Randolph,0,0,0,0,0,0.0,0.0,0.0,0,0,0.0,0,0,0,0.1,43,1,GK,45,WHU
669,Lukasz,Fabianski,0,0,136,3330,50,0.0,887.0,0.0,9,661,88.6,8,0,2,2.8,50,1,GK,50,WHU
670,Angelo,Ogbonna,1,0,40,921,11,5.3,167.0,67.0,6,182,24.0,3,0,1,0.2,49,2,DEF,50,WHU
671,Winston,Reid,0,0,0,0,0,0.0,0.0,0.0,0,0,0.0,0,0,0,0.8,39,2,DEF,40,WHU
672,Aaron,Cresswell,2,4,115,2726,38,542.4,575.0,151.0,17,578,127.0,7,0,3,7.9,54,2,DEF,55,WHU
673,Andriy,Yarmolenko,1,0,25,303,4,62.9,75.2,150.0,0,73,28.5,1,0,1,0.1,50,3,MID,55,WHU
674,Michail,Antonio,10,10,140,2975,43,613.5,611.6,1263.0,14,441,247.6,7,1,6,24.3,73,4,FWD,75,WHU
675,Craig,Dawson,2,3,90,2752,43,61.6,684.2,387.0,1,466,113.5,6,1,4,0.8,49,2,DEF,50,WHU
676,Ryan,Fredericks,0,0,7,303,6,31.6,29.6,4.0,0,38,6.6,0,0,1,0.1,44,2,DEF,45,WHU
677,Manuel,Lanzini,5,3,92,1777,29,367.2,420.2,201.0,8,440,99.1,4,0,2,0.4,56,3,MID,60,WHU
678,Arthur,Masuaku,1,1,29,645,12,57.2,178.2,39.0,3,145,27.5,1,0,1,0.1,44,2,DEF,45,WHU
679,Vladimir,Coufal,0,4,70,2207,36,331.5,415.8,161.0,3,384,90.6,6,1,3,3.1,47,2,DEF,50,WHU
680,Saïd,Benrahma,8,6,138,2162,27,476.4,561.0,737.0,15,441,177.6,9,0,0,10.7,59,3,MID,60,WHU
681,Jarrod,Bowen,12,17,206,2987,46,624.6,819.4,1201.0,24,586,264.7,8,0,6,15.0,69,3,MID,65,WHU
682,Declan,Rice,1,4,95,3178,49,391.0,740.2,277.0,7,595,141.3,8,0,8,4.3,50,3,MID,50,WHU
683,Tomas,Soucek,5,1,114,3061,46,299.8,653.4,686.0,14,485,164.3,6,0,3,3.4,57,3,MID,60,WHU
684,Pablo,Fornals,6,4,117,2795,38,704.4,569.0,528.0,5,480,180.2,8,0,4,1.3,59,3,MID,60,WHU
685,Issa,Diop,0,1,30,961,19,21.3,225.6,44.0,2,203,29.1,2,0,0,0.3,42,2,DEF,45,WHU
686,Ben,Johnson,1,0,48,1397,18,176.1,307.2,39.0,1,235,52.3,3,0,1,3.6,39,2,DEF,40,WHU
687,Alphonse,Areola,0,0,2,90,1,0.0,20.4,0.0,0,11,2.0,0,0,0,0.7,47,1,GK,50,WHU
688,Frederik,Alves,0,0,0,0,0,0.0,0.0,0.0,0,0,0.0,0,0,0,0.1,40,2,DEF,40,WHU
689,Conor,Coventry,0,0,0,0,0,0.0,0.0,0.0,0,0,0.0,0,0,0,0.0,45,3,MID,45,WHU
690,Jamal,Baptiste,0,0,0,0,0,0.0,0.0,0.0,0,0,0.0,0,0,0,0.3,39,2,DEF,40,WHU
691,Nikola,Vlasic,1,0,30,549,10,122.8,85.4,115.0,0,98,32.3,1,0,0,0.0,56,3,MID,60,WHU
692,Alex,Kral,0,0,1,1,0,0.0,0.0,0.0,0,3,0.0,0,0,0,0.1,44,3,MID,45,WHU
693,Harrison,Ashby,0,0,1,6,1,1.0,2.0,0.0,0,4,0.3,0,0,0,0.1,40,2,DEF,40,WHU
694,Sonny,Perkins,0,0,1,3,0,0.0,0.0,0.0,0,3,0.0,0,0,0,0.0,45,3,MID,45,WHU
695,Ajibola,Alese,0,0,0,0,0,0.0,0.0,0.0,0,0,0.0,0,0,0,0.0,40,2,DEF,40,WHU
696,Armstrong,Oko-Flex,0,0,0,0,0,0.0,0.0,0.0,0,0,0.0,0,0,0,0.0,44,3,MID,45,WHU
697,Pierre,Ekwah,0,0,0,0,0,0.0,0.0,0.0,0,0,0.0,0,0,0,0.0,40,2,DEF,40,WHU
698,Daniel,Chesters,0,0,1,1,0,0.0,0.0,0.0,0,3,0.0,0,0,0,0.0,45,3,MID,45,WHU
699,João Filipe Iria,Santos Moutinho,2,1,96,2970,40,645.2,512.6,144.0,8,511,130.1,11,0,4,0.7,49,3,MID,50,WOL
700,Rui Pedro,dos Santos Patrício,0,0,0,0,0,0.0,0.0,0.0,0,0,0.0,0,0,0,0.0,50,1,GK,50,WOL
701,Willy,Boly,0,0,17,900,20,18.0,157.2,27.0,0,165,20.3,1,0,1,0.1,49,2,DEF,50,WOL
702,Conor,Coady,4,0,138,3361,43,45.4,737.2,202.0,10,688,98.8,11,0,4,13.4,47,2,DEF,45,WOL
703,Raúl,Jiménez,6,5,101,2630,32,481.4,441.4,742.0,11,266,165.3,11,2,5,4.2,75,4,FWD,75,WOL
704,Romain,Saïss,2,0,109,2706,30,112.2,694.6,214.0,6,540,102.3,11,0,6,2.1,48,2,DEF,50,WOL
705,Fernando,Marçal,0,3,67,1448,14,187.3,247.2,135.0,5,295,56.3,6,0,3,1.3,42,2,DEF,45,WOL
706,Jonathan,Castro Otto,2,0,38,1022,22,159.5,203.0,144.0,2,178,50.7,2,0,1,0.6,45,2,DEF,45,WOL
707,Leander,Dendoncker,2,3,76,1945,29,175.5,339.0,258.0,5,308,77.4,5,0,4,0.3,46,3,MID,50,WOL
708,Adama,Traoré,1,1,44,1069,10,271.1,192.0,300.0,0,168,76.6,5,0,0,1.0,56,3,MID,60,WOL
709,Rúben Diogo,da Silva Neves,4,2,95,2659,34,408.2,617.4,237.0,7,509,126.3,9,0,9,0.9,52,3,MID,55,WOL
710,Nélson,Cabral Semedo,0,1,94,2131,18,289.3,346.2,266.0,9,412,90.3,9,0,1,1.5,48,2,DEF,50,WOL
711,Daniel,Castelo Podence,2,3,70,1475,12,493.0,328.6,459.0,2,257,128.2,9,0,2,0.2,55,3,MID,55,WOL
712,Max,Kilman,1,1,106,2688,25,68.8,587.8,207.0,5,536,86.5,10,0,3,1.3,45,2,DEF,45,WOL
713,Morgan,Gibbs-White,0,0,1,7,0,0.7,0.0,24.0,0,0,2.1,0,0,1,0.1,45,3,MID,45,WOL
714,Pedro,Lomba Neto,1,1,22,459,14,193.9,68.4,200.0,0,88,46.1,0,0,3,0.1,62,3,MID,65,WOL
715,Owen,Otasowie,0,0,0,0,0,0.0,0.0,0.0,0,0,0.0,0,0,0,0.1,45,3,MID,45,WOL
716,Ki-Jana,Hoever,0,0,14,306,5,22.1,42.6,8.0,0,56,7.1,1,0,1,1.6,39,2,DEF,40,WOL
717,Andreas,Söndergaard,0,0,0,0,0,0.0,0.0,0.0,0,0,0.0,0,0,0,0.9,39,1,GK,40,WOL
718,Fabio,Silva,0,1,30,562,7,48.3,21.0,262.0,0,43,32.0,0,0,0,0.4,56,4,FWD,60,WOL
719,Yerson,Mosquera Valdelamar,0,0,0,0,0,0.0,0.0,0.0,0,0,0.0,0,0,0,0.0,44,2,DEF,45,WOL
720,John,Ruddy,0,0,3,135,3,0.0,11.4,0.0,0,20,1.1,0,0,0,0.2,43,1,GK,45,WOL
721,Francisco,Machado Mota de Castro Trincão,2,1,66,1328,15,247.1,240.0,390.0,2,197,87.7,7,0,0,0.3,56,3,MID,60,WOL
722,Rayan,Ait Nouri,1,4,87,1826,26,320.8,371.0,167.0,10,367,86.2,7,0,4,1.3,41,2,DEF,45,WOL
723,José,Malheiro de Sá,0,1,146,3285,40,30.0,938.8,0.0,11,722,96.7,11,0,3,8.3,52,1,GK,50,WOL
724,Patrick,Cutrone,0,0,0,0,0,0.0,0.0,0.0,0,0,0.0,0,0,0,0.0,50,4,FWD,50,WOL
725,Luke,Cundle,0,0,7,179,1,32.0,17.0,2.0,0,32,5.1,1,0,0,0.1,44,3,MID,45,WOL
726,Chem,Campbell,0,0,1,12,0,1.7,2.0,2.0,0,5,0.6,0,0,0,0.2,44,3,MID,45,WOL
727,Christian,Marques,0,0,0,0,0,0.0,0.0,0.0,0,0,0.0,0,0,0,0.2,40,2,DEF,40,WOL
728,Hee-Chan,Hwang,5,1,81,1811,22,258.6,318.0,433.0,11,288,100.5,7,0,2,3.4,54,4,FWD,55,WOL
729,Louie,Moulden,0,0,0,0,0,0.0,0.0,0.0,0,0,0.0,0,0,0,0.1,40,1,GK,40,WOL
730,James,Storer,0,0,0,0,0,0.0,0.0,0.0,0,0,0.0,0,0,0,0.2,40,1,GK,40,WOL
731,Hugo,Bueno,0,0,0,0,0,0.0,0.0,0.0,0,0,0.0,0,0,0,0.1,40,2,DEF,40,WOL
732,Bruno André,Cavaco Jordão,0,0,0,0,0,0.0,0.0,0.0,0,0,0.0,0,0,0,0.0,45,3,MID,45,WOL
733,Toti António,Gomes,0,0,6,360,6,4.3,59.6,28.0,0,52,9.2,0,0,1,0.0,44,2,DEF,45,WOL
734,Dion,Sanderson,0,0,0,0,0,0.0,0.0,0.0,0,0,0.0,0,0,0,0.0,40,2,DEF,40,WOL
735,Ryan,Giles,0,0,0,0,0,0.0,0.0,0.0,0,0,0.0,0,0,0,0.0,45,3,MID,45,WOL
736,Francisco Jorge,Tomás Oliveira,0,3,20,203,5,83.4,99.4,118.0,2,67,30.1,0,0,0,0.0,55,3,MID,55,WOL
